"GAME_ID","GAME_DT","GAME_CT","GAME_DY","START_GAME_TM","DH_FL","DAYNIGHT_PARK_CD","AWAY_TEAM_ID","HOME_TEAM_ID","PARK_ID","AWAY_START_PIT_ID","HOME_START_PIT_ID","BASE4_UMP_ID","BASE1_UMP_ID","BASE2_UMP_ID","BASE3_UMP_ID","LF_UMP_ID","RF_UMP_ID","ATTEND_PARK_CT","SCORER_RECORD_ID","TRANSLATOR_RECORD_ID","INPUTTER_RECORD_ID","INPUT_RECORD_TS","EDIT_RECORD_TS","METHOD_RECORD_CD","PITCHES_RECORD_CD","TEMP_PARK_CT","WIND_DIRECTION_PARK_CD","WIND_SPEED_PARK_CT","FIELD_PARK_CD","PRECIP_PARK_CD","SKY_PARK_CD","MINUTES_GAME_CT","INN_CT","AWAY_SCORE_CT","HOME_SCORE_CT","AWAY_HITS_CT","HOME_HITS_CT","AWAY_ERR_CT","HOME_ERR_CT","AWAY_LOB_CT","HOME_LOB_CT","WIN_PIT_ID","LOSE_PIT_ID","SAVE_PIT_ID","GWRBI_BAT_ID","AWAY_LINEUP1_BAT_ID","AWAY_LINEUP1_FLD_CD","AWAY_LINEUP2_BAT_ID","AWAY_LINEUP2_FLD_CD","AWAY_LINEUP3_BAT_ID","AWAY_LINEUP3_FLD_CD","AWAY_LINEUP4_BAT_ID","AWAY_LINEUP4_FLD_CD","AWAY_LINEUP5_BAT_ID","AWAY_LINEUP5_FLD_CD","AWAY_LINEUP6_BAT_ID","AWAY_LINEUP6_FLD_CD","AWAY_LINEUP7_BAT_ID","AWAY_LINEUP7_FLD_CD","AWAY_LINEUP8_BAT_ID","AWAY_LINEUP8_FLD_CD","AWAY_LINEUP9_BAT_ID","AWAY_LINEUP9_FLD_CD","HOME_LINEUP1_BAT_ID","HOME_LINEUP1_FLD_CD","HOME_LINEUP2_BAT_ID","HOME_LINEUP2_FLD_CD","HOME_LINEUP3_BAT_ID","HOME_LINEUP3_FLD_CD","HOME_LINEUP4_BAT_ID","HOME_LINEUP4_FLD_CD","HOME_LINEUP5_BAT_ID","HOME_LINEUP5_FLD_CD","HOME_LINEUP6_BAT_ID","HOME_LINEUP6_FLD_CD","HOME_LINEUP7_BAT_ID","HOME_LINEUP7_FLD_CD","HOME_LINEUP8_BAT_ID","HOME_LINEUP8_FLD_CD","HOME_LINEUP9_BAT_ID","HOME_LINEUP9_FLD_CD","AWAY_FINISH_PIT_ID","HOME_FINISH_PIT_ID","AWAY_TEAM_LEAGUE_ID","HOME_TEAM_LEAGUE_ID","AWAY_TEAM_GAME_CT","HOME_TEAM_GAME_CT","OUTS_CT","COMPLETION_TX","FORFEIT_TX","PROTEST_TX","AWAY_LINE_TX","HOME_LINE_TX","AWAY_AB_CT","AWAY_2B_CT","AWAY_3B_CT","AWAY_HR_CT","AWAY_BI_CT","AWAY_SH_CT","AWAY_SF_CT","AWAY_HP_CT","AWAY_BB_CT","AWAY_IBB_CT","AWAY_SO_CT","AWAY_SB_CT","AWAY_CS_CT","AWAY_GDP_CT","AWAY_XI_CT","AWAY_PITCHER_CT","AWAY_ER_CT","AWAY_TER_CT","AWAY_WP_CT","AWAY_BK_CT","AWAY_PO_CT","AWAY_A_CT","AWAY_PB_CT","AWAY_DP_CT","AWAY_TP_CT","HOME_AB_CT","HOME_2B_CT","HOME_3B_CT","HOME_HR_CT","HOME_BI_CT","HOME_SH_CT","HOME_SF_CT","HOME_HP_CT","HOME_BB_CT","HOME_IBB_CT","HOME_SO_CT","HOME_SB_CT","HOME_CS_CT","HOME_GDP_CT","HOME_XI_CT","HOME_PITCHER_CT","HOME_ER_CT","HOME_TER_CT","HOME_WP_CT","HOME_BK_CT","HOME_PO_CT","HOME_A_CT","HOME_PB_CT","HOME_DP_CT","HOME_TP_CT","UMP_HOME_NAME_TX","UMP_1B_NAME_TX","UMP_2B_NAME_TX","UMP_3B_NAME_TX","UMP_LF_NAME_TX","UMP_RF_NAME_TX","AWAY_MANAGER_ID","AWAY_MANAGER_NAME_TX","HOME_MANAGER_ID","HOME_MANAGER_NAME_TX","WIN_PIT_NAME_TX","LOSE_PIT_NAME_TX","SAVE_PIT_NAME_TX","GOAHEAD_RBI_ID","GOAHEAD_RBI_NAME_TX","AWAY_LINEUP1_BAT_NAME_TX","AWAY_LINEUP2_BAT_NAME_TX","AWAY_LINEUP3_BAT_NAME_TX","AWAY_LINEUP4_BAT_NAME_TX","AWAY_LINEUP5_BAT_NAME_TX","AWAY_LINEUP6_BAT_NAME_TX","AWAY_LINEUP7_BAT_NAME_TX","AWAY_LINEUP8_BAT_NAME_TX","AWAY_LINEUP9_BAT_NAME_TX","HOME_LINEUP1_BAT_NAME_TX","HOME_LINEUP2_BAT_NAME_TX","HOME_LINEUP3_BAT_NAME_TX","HOME_LINEUP4_BAT_NAME_TX","HOME_LINEUP5_BAT_NAME_TX","HOME_LINEUP6_BAT_NAME_TX","HOME_LINEUP7_BAT_NAME_TX","HOME_LINEUP8_BAT_NAME_TX","HOME_LINEUP9_BAT_NAME_TX","ADD_INFO_TX","ACQ_INFO_TX"
"BOS198104100","19810410",0,"Friday",216,"T","D","CHA","BOS","BOS07","burnb001","ecked001","sprim901","brinj901","fordd901","cousd901","","",35154,"Red Sox","Dobrow","Dobrow","1995/03/24 5:07AM","",1,0,64,0,-1,0,0,0,185,9,5,3,7,6,2,3,6,9,"hoytl001","stanb001","farme101","fiskc001","leflr101",7,"squim001",3,"fiskc001",2,"luzig001",10,"lemoc001",8,"bainh001",9,"morrj002",5,"bernt001",4,"almob001",6,"evand002",9,"stapd001",4,"rudij101",10,"ricej001",7,"peret001",3,"lansc001",5,"hoffg001",6,"alleg001",2,"millr001",8,"farme101","stanb001","","",,,54,,,,000000032,000010101,32,0,0,1,4,2,0,2,2,0,9,2,0,0,0,3,2,2,0,0,27,3,0,0,0,35,1,0,2,3,0,0,0,4,0,12,0,0,0,0,2,4,4,0,0,27,11,0,0,0,,,,,,,,,,,"Lamarr Hoyt","Bob Stanley","Ed Farmer","fiskc001","Carlton Fisk","Ron LeFlore","Mike Squires","Carlton Fisk","Greg Luzinski","Chet Lemon","Harold Baines","Jim Morrison","Tony Bernazard","Bill Almon","Dwight Evans","Dave Stapleton","Joe Rudi","Jim Rice","Tony Perez","Carney Lansford","Glenn Hoffman","Gary Allenson","Rick Miller",,
"BOS198104120","19810412",0,"Sunday",200,"T","D","CHA","BOS","BOS07","dotsr001","tanaf001","brinj901","fordd901","cousd901","sprim901","","",21439,"White Sox","Dobrow","Dobrow","1995/03/26 2:54AM","",1,0,46,0,-1,0,0,1,144,9,4,5,9,6,1,1,6,3,"cleam001","farme101","","ricej001","leflr101",7,"squim001",3,"fiskc001",2,"luzig001",10,"lemoc001",8,"nordw101",9,"morrj002",5,"bernt001",4,"almob001",6,"remyj001",4,"stapd001",3,"evand002",9,"ricej001",7,"peret001",10,"lansc001",5,"hoffg001",6,"alleg001",2,"millr001",8,"farme101","cleam001","","",,,51,,,,100000201,00000005x,32,2,0,1,4,1,0,0,4,1,5,2,1,1,0,2,5,5,0,1,24,11,0,2,0,27,1,0,1,5,1,0,0,4,0,4,0,0,1,0,2,4,4,0,0,27,14,0,3,0,,,,,,,,,,,"Mark Clear","Ed Farmer","(none)","ricej001","Jim Rice","Ron LeFlore","Mike Squires","Carlton Fisk","Greg Luzinski","Chet Lemon","Wayne Nordhagen","Jim Morrison","Tony Bernazard","Bill Almon","Jerry Remy","Dave Stapleton","Dwight Evans","Jim Rice","Tony Perez","Carney Lansford","Glenn Hoffman","Gary Allenson","Rick Miller",,
"BOS198104130","19810413",0,"Monday",205,"T","D","BAL","BOS","BOS07","palmj001","craws001","fordd901","cousd901","sprim901","brinj901","","",8551,"Orioles","Tom Eckel","Stuart Shea","1993/02/10 1:53PM","",0,0,42,0,-1,0,0,0,154,9,5,1,11,6,0,1,5,6,"stodt001","craws001","","moraj001","bumba001",8,"dwyej001",9,"singk001",10,"murre001",3,"lowej001",7,"decid001",5,"dempr001",2,"belam101",6,"dauer001",4,"remyj001",4,"stapd001",3,"evand002",9,"ricej001",7,"peret001",10,"lansc001",5,"hoffg001",6,"alleg001",2,"millr001",8,"stodt001","burgt001","","",,,54,,,,000010004,100000000,36,3,0,0,4,0,0,0,1,0,5,2,1,2,0,2,1,1,0,0,27,12,0,3,0,28,1,0,1,1,1,0,0,5,0,6,0,2,2,0,2,0,0,0,0,27,13,1,2,0,,,,,,,,,,,"Tim Stoddard","Steve Crawford","(none)","moraj001","Jose Morales","Al Bumbry","Jim Dwyer","Ken Singleton","Eddie Murray","John Lowenstein","Doug DeCinces","Rick Dempsey","Mark Belanger","Rich Dauer","Jerry Remy","Dave Stapleton","Dwight Evans","Jim Rice","Tony Perez","Carney Lansford","Glenn Hoffman","Gary Allenson","Rick Miller",,
"BOS198104150","19810415",0,"Wednesday",205,"T","D","BAL","BOS","BOS07","martd001","torrm001","cousd901","sprim901","brinj901","fordd901","","",8925,"Orioles","Tom Eckel","Stuart Shea","1993/02/10 3:56PM","",0,0,0,0,-1,0,0,0,151,9,2,7,9,12,2,1,6,7,"stanb001","martd001","","yastc101","bumba001",8,"dauer001",4,"dwyej001",9,"murre001",3,"lowej001",7,"crowt101",10,"grahd101",5,"dempr001",2,"belam101",6,"evand002",9,"stapd001",4,"yastc101",10,"ricej001",7,"peret001",3,"lansc001",5,"hoffg001",6,"alleg001",2,"millr001",8,"stews001","stanb001","","",,,51,,,,011000000,40020010x,33,0,0,0,2,0,0,0,2,0,3,0,1,3,0,2,5,5,0,0,24,12,0,1,0,36,3,0,1,5,0,0,0,2,0,1,0,0,0,0,2,1,1,0,0,27,16,0,3,0,,,,,,,,,,,"Bob Stanley","Dennis Martinez","(none)","yastc101","Carl Yastrzemski","Al Bumbry","Rich Dauer","Jim Dwyer","Eddie Murray","John Lowenstein","Terry Crowley","Dan Graham","Rick Dempsey","Mark Belanger","Dwight Evans","Dave Stapleton","Carl Yastrzemski","Jim Rice","Tony Perez","Carney Lansford","Glenn Hoffman","Gary Allenson","Rick Miller",,
"BOS198104200","19810420",0,"Monday",1100,"T","D","TEX","BOS","BOS07","medid101","torrm001","hallb901","goetr901","malog901","kaisk901","","",26844,"","JIM LEOPARDI","JIM LEOPARDI","1995/05/24 8:30PM","",1,0,0,0,-1,0,0,0,138,9,2,4,7,10,1,0,6,8,"torrm001","medid101","","remyj001","willb101",4,"rivem001",8,"oliva001",10,"bellb001",5,"grubj001",9,"putnp001",3,"sundj001",2,"sampb001",7,"mendm101",6,"remyj001",4,"evand002",9,"yastc101",10,"ricej001",7,"peret001",3,"lansc001",5,"alleg001",2,"hoffg001",6,"millr001",8,"johnj001","","","",,,51,,,,000002000,00003001x,33,2,1,1,2,0,0,0,2,0,3,0,1,0,0,2,4,4,0,0,24,10,0,1,0,33,0,0,1,4,1,0,1,1,0,1,1,0,1,0,1,2,2,0,0,27,13,0,0,0,,,,,,,,,,,"Mike Torrez","Doc Medich","(none)","remyj001","Jerry Remy","Bump Wills","Mickey Rivers","Al Oliver","Buddy Bell","John Grubb","Pat Putnam","Jim Sundberg","Bill Sample","Mario Mendoza","Jerry Remy","Dwight Evans","Carl Yastrzemski","Jim Rice","Tony Perez","Carney Lansford","Gary Allenson","Glenn Hoffman","Rick Miller",,
"BOS198104210","19810421",0,"Tuesday",0,"T","D","TEX","BOS","BOS07","jenkf101","tudoj001","goetr901","malog901","kaisk901","hallb901","","",13233,"","JIM LEOPARDI","JIM LEOPARDI","1995/05/24 9:03PM","",1,0,0,0,-1,0,0,0,152,9,4,10,9,15,0,1,5,6,"tudoj001","jenkf101","","lansc001","willb101",4,"rivem001",8,"oliva001",10,"bellb001",5,"ellij101",3,"sundj001",2,"robel001",9,"sampb001",7,"mendm101",6,"remyj001",4,"evand002",9,"yastc101",10,"ricej001",7,"peret001",3,"lansc001",5,"alleg001",2,"hoffg001",6,"millr001",8,"hougc001","","","",,,51,,,,001001011,01012303x,33,3,0,0,3,1,0,0,2,0,2,0,1,0,0,3,10,10,0,0,24,13,0,2,0,34,6,1,0,10,0,1,0,5,0,3,1,0,1,0,1,3,3,0,0,27,14,0,1,0,,,,,,,,,,,"John Tudor","Ferguson Jenkins","(none)","lansc001","Carney Lansford","Bump Wills","Mickey Rivers","Al Oliver","Buddy Bell","John Ellis","Jim Sundberg","Leon Roberts","Bill Sample","Mario Mendoza","Jerry Remy","Dwight Evans","Carl Yastrzemski","Jim Rice","Tony Perez","Carney Lansford","Gary Allenson","Glenn Hoffman","Rick Miller",,
"BOS198104220","19810422",0,"Wednesday",0,"T","D","TEX","BOS","BOS07","darwd001","ecked001","malog901","kaisk901","hallb901","goetr901","","",15699,"","JIM LEOPARDI","JIM LEOPARDI","1995/05/25 9:28PM","",1,0,0,0,-1,0,0,0,170,9,16,8,18,10,0,2,8,10,"darwd001","ecked001","","oliva001","willb101",4,"rivem001",8,"oliva001",10,"bellb001",5,"grubj001",9,"putnp001",3,"sundj001",2,"sampb001",7,"mendm101",6,"remyj001",4,"evand002",9,"yastc101",10,"ricej001",7,"peret001",3,"lansc001",5,"alleg001",2,"hoffg001",6,"millr001",8,"kernj001","campb001","","",,,54,,,,740200300,050102000,44,6,0,1,16,0,2,1,4,0,5,0,0,1,0,3,8,8,0,0,27,12,0,0,0,37,2,1,0,8,0,0,0,8,0,4,0,0,0,0,4,11,11,0,0,27,11,0,1,0,,,,,,,,,,,"Danny Darwin","Dennis Eckersley","(none)","oliva001","Al Oliver","Bump Wills","Mickey Rivers","Al Oliver","Buddy Bell","John Grubb","Pat Putnam","Jim Sundberg","Bill Sample","Mario Mendoza","Jerry Remy","Dwight Evans","Carl Yastrzemski","Jim Rice","Tony Perez","Carney Lansford","Gary Allenson","Glenn Hoffman","Rick Miller",,
"BOS198104300","19810430",0,"Thursday",0,"T","D","MIN","BOS","BOS07","ericr101","tanaf001","clara901","pales901","hendt901","evanj901","","",15506,"Twins","M. Pankin","M. Pankin","1995/06/13 10:46PM","",1,0,61,0,-1,0,0,2,145,9,8,4,11,7,2,0,7,4,"ericr101","tanaf001","","smalr001","wardg001",7,"castj001",5,"hatcm001",8,"smalr001",6,"engld001",9,"mackp101",4,"adamg101",10,"jackr002",3,"butes001",2,"evand002",9,"stapd001",4,"yastc101",10,"ricej001",7,"peret001",3,"lansc001",5,"alleg001",2,"hoffg001",6,"millr001",8,"corbd001","rainc001","","",,,54,,,,230020100,100000012,37,2,0,1,8,0,0,1,4,0,5,1,0,1,0,2,3,3,0,1,27,6,0,0,0,35,1,0,2,4,0,0,0,0,0,5,0,0,0,0,4,8,8,0,0,27,8,0,1,0,,,,,,,,,,,"Roger Erickson","Frank Tanana","(none)","smalr001","Roy Smalley","Gary Ward","John Castino","Mickey Hatcher","Roy Smalley","Dave Engle","Pete Mackanin","Glenn Adams","Ron Jackson","Sal Butera","Dwight Evans","Dave Stapleton","Carl Yastrzemski","Jim Rice","Tony Perez","Carney Lansford","Gary Allenson","Glenn Hoffman","Rick Miller",,
"BOS198105010","19810501",0,"Friday",0,"T","D","MIN","BOS","BOS07","arrof001","ecked001","pales901","hendt901","evanj901","clara901","","",15715,"Twins","M. Pankin","M. Pankin","1995/06/13 11:12PM","",1,0,47,0,-1,0,0,0,137,9,6,1,11,7,0,1,5,5,"arrof001","ecked001","","smalr001","poweh101",9,"castj001",5,"hatcm001",8,"smalr001",6,"adamg101",10,"wilfr001",4,"sofir101",7,"jackr002",3,"butes001",2,"evand002",9,"stapd001",4,"yastc101",10,"ricej001",7,"peret001",3,"lansc001",5,"alleg001",2,"hoffg001",6,"millr001",8,"corbd001","burgt001","","",,,54,,,,210000021,100000000,34,4,0,0,6,1,1,0,2,0,3,2,0,1,0,2,1,1,0,0,27,12,0,2,0,32,2,0,1,1,0,0,0,1,0,5,0,0,2,0,2,6,6,0,0,27,9,0,1,0,,,,,,,,,,,"Fernando Arroyo","Dennis Eckersley","(none)","smalr001","Roy Smalley","Hosken Powell","John Castino","Mickey Hatcher","Roy Smalley","Glenn Adams","Rob Wilfong","Rick Sofield","Ron Jackson","Sal Butera","Dwight Evans","Dave Stapleton","Carl Yastrzemski","Jim Rice","Tony Perez","Carney Lansford","Gary Allenson","Glenn Hoffman","Rick Miller",,
"BOS198105020","19810502",0,"Saturday",0,"T","D","MIN","BOS","BOS07","willa001","torrm001","hendt901","evanj901","clara901","pales901","","",16940,"Twins","M. Pankin","M. Pankin","1995/06/13 11:38PM","",1,0,53,0,-1,0,0,0,150,9,11,2,15,7,0,0,10,7,"willa001","torrm001","","castj001","poweh101",9,"castj001",5,"hatcm001",8,"smalr001",6,"adamg101",10,"wilfr001",4,"sofir101",7,"jackr002",3,"butes001",2,"evand002",9,"stapd001",4,"yastc101",10,"ricej001",7,"peret001",3,"lansc001",5,"alleg001",2,"hoffg001",6,"millr001",8,"verhj101","campb001","","",,,54,,,,630000020,100000010,39,6,1,0,10,1,0,1,7,0,4,0,0,3,0,2,2,2,0,0,27,10,0,0,0,33,1,0,1,2,0,1,0,2,0,3,0,0,0,0,4,11,11,0,0,27,14,0,3,0,,,,,,,,,,,"Albert Williams","Mike Torrez","(none)","castj001","John Castino","Hosken Powell","John Castino","Mickey Hatcher","Roy Smalley","Glenn Adams","Rob Wilfong","Rick Sofield","Ron Jackson","Sal Butera","Dwight Evans","Dave Stapleton","Carl Yastrzemski","Jim Rice","Tony Perez","Carney Lansford","Gary Allenson","Glenn Hoffman","Rick Miller",,
"BOS198105030","19810503",0,"Sunday",142,"T","D","MIN","BOS","BOS07","redfp101","craws001","evanj901","clara901","pales901","hendt901","","",15608,"Twins","Dobrow","Dobrow","1995/04/28 2:40PM","",1,0,57,0,-1,0,0,0,146,9,3,1,6,4,0,2,11,6,"redfp101","craws001","corbd001","adamg101","poweh101",9,"castj001",5,"hatcm001",8,"smalr001",6,"adamg101",10,"wilfr001",4,"sofir101",7,"jackr002",3,"butes001",2,"evand002",9,"stapd001",4,"yastc101",3,"ricej001",7,"peret001",10,"lansc001",5,"alleg001",2,"hoffg001",6,"millr001",8,"corbd001","burgt001","","",,,54,,,,002000100,001000000,32,1,0,0,3,2,0,0,7,1,6,1,0,0,0,2,1,1,0,0,27,9,0,0,0,30,0,0,0,1,0,0,0,4,0,8,0,1,0,0,2,1,1,0,0,27,11,0,0,0,,,,,,,,,,,"Pete Redfern","Steve Crawford","Doug Corbett","adamg101","Glenn Adams","Hosken Powell","John Castino","Mickey Hatcher","Roy Smalley","Glenn Adams","Rob Wilfong","Rick Sofield","Ron Jackson","Sal Butera","Dwight Evans","Dave Stapleton","Carl Yastrzemski","Jim Rice","Tony Perez","Carney Lansford","Gary Allenson","Glenn Hoffman","Rick Miller",,
"BOS198105150","19810515",0,"Friday",737,"T","N","KCA","BOS","BOS07","galer001","craws001","phild901","neudj901","mccol901","merrd901","","",22943,"Red Sox?","Chris Chestnut","Chris Chestnut","1995/06/11 11:15PM","",1,0,67,0,-1,2,4,4,175,9,3,4,7,9,3,1,10,12,"cleam001","martr001","","lansc001","wilsw001",7,"wathj001",2,"mcrah001",10,"aikew001",3,"otisa001",8,"quirj001",5,"whitf001",4,"geroc101",9,"washu001",6,"remyj001",4,"evand002",9,"yastc101",10,"ricej001",7,"peret001",3,"lansc001",5,"stapd001",6,"schmd101",2,"millr001",8,"martr001","cleam001","","",,,53,,,,020010000,000030001,33,1,0,2,3,1,0,0,6,0,5,2,0,0,0,3,4,4,0,0,26,9,0,0,0,35,0,0,2,4,1,0,0,6,1,6,0,0,0,0,2,3,3,0,0,27,12,0,0,0,,,,,,,,,,,"Mark Clear","Renie Martin","(none)","lansc001","Carney Lansford","Willie Wilson","John Wathan","Hal McRae","Willie Aikens","Amos Otis","Jamie Quirk","Frank White","Cesar Geronimo","U L Washington","Jerry Remy","Dwight Evans","Carl Yastrzemski","Jim Rice","Tony Perez","Carney Lansford","Dave Stapleton","Dave Schmidt","Rick Miller",,
"BOS198105160","19810516",0,"Saturday",225,"T","D","KCA","BOS","BOS07","gural001","ecked001","neudj901","mccol901","merrd901","phild901","","",26107,"Red Sox?","Chris Chestnut","Chris Chestnut","1995/06/26 7:01PM","",1,0,62,0,-1,0,0,2,146,9,7,6,12,11,1,0,4,3,"gural001","ecked001","quisd001","aikew001","wilsw001",7,"wathj001",2,"aikew001",3,"mcrah001",10,"otisa001",8,"quirj001",5,"whitf001",4,"geroc101",9,"washu001",6,"evand002",9,"stapd001",6,"lansc001",5,"ricej001",7,"peret001",3,"rudij101",10,"nichr001",8,"schmd101",2,"remyj001",4,"quisd001","campb001","","",,,54,,,,100600000,000302100,36,2,0,2,7,0,1,0,1,0,2,2,0,2,0,2,5,5,0,0,27,18,0,3,0,35,4,0,1,4,0,0,0,1,0,5,1,1,3,0,3,7,7,0,0,27,15,0,2,0,,,,,,,,,,,"Larry Gura","Dennis Eckersley","Dan Quisenberry","aikew001","Willie Aikens","Willie Wilson","John Wathan","Willie Aikens","Hal McRae","Amos Otis","Jamie Quirk","Frank White","Cesar Geronimo","U L Washington","Dwight Evans","Dave Stapleton","Carney Lansford","Jim Rice","Tony Perez","Joe Rudi","Reid Nichols","Dave Schmidt","Jerry Remy",,
"BOS198105170","19810517",0,"Sunday",205,"T","D","KCA","BOS","BOS07","leond001","tudoj001","mccol901","merrd901","phild901","neudj901","","",26723,"Kansas City","Steve Hamilton","Steve Hamilton","1995/07/05 4:40AM","",0,0,61,0,-1,0,1,1,165,9,5,4,11,17,0,1,8,12,"leond001","burgt001","quisd001","washu001","wilsw001",7,"washu001",6,"aikew001",3,"mcrah001",10,"otisa001",8,"wathj001",9,"whitf001",4,"chald101",5,"grotj101",2,"remyj001",4,"evand002",9,"yastc101",3,"ricej001",7,"peret001",10,"lansc001",5,"stapd001",6,"gedmr001",2,"millr001",8,"quisd001","stanb001","","",,,54,,,,010000022,110010001,38,2,0,2,5,0,0,0,2,0,6,1,0,1,0,2,4,4,0,0,27,16,0,2,0,42,3,0,0,4,0,0,0,1,0,4,1,0,2,0,3,5,5,1,0,27,7,0,1,0,,,,,,,,,,,"Dennis Leonard","Tom Burgmeier","Dan Quisenberry","washu001","U L Washington","Willie Wilson","U L Washington","Willie Aikens","Hal McRae","Amos Otis","John Wathan","Frank White","Dave Chalk","Jerry Grote","Jerry Remy","Dwight Evans","Carl Yastrzemski","Jim Rice","Tony Perez","Carney Lansford","Dave Stapleton","Rich Gedman","Rick Miller",,
"BOS198105180","19810518",0,"Monday",0,"T","N","SEA","BOS","BOS07","clarb001","torrm001","parkd901","kunkb101","coont901","shulj901","","",12044,"Mariners","Jim Herdman","Jim Herdman","1995/04/08 8:19AM","",0,0,0,0,-1,0,0,0,186,9,5,8,10,9,0,1,13,10,"cleam001","dragd101","campb001","stapd001","cruzj002",4,"edled101",5,"meyed001",7,"ziskr101",10,"burrj001",9,"bochb001",3,"hendd001",8,"narrj001",2,"andej001",6,"evand002",9,"stapd001",6,"lansc001",5,"ricej001",7,"peret001",3,"rudij101",10,"schmd101",2,"nichr001",8,"remyj001",4,"andel001","campb001","","",,,51,,,,001101200,30100103x,35,1,0,0,5,1,1,1,7,0,5,0,0,0,0,3,8,8,1,1,24,9,0,1,0,31,3,0,0,6,1,1,0,9,1,7,1,0,1,0,4,5,5,0,0,27,10,0,0,0,,,,,,,,,,,"Mark Clear","Dick Drago","Bill Campbell","stapd001","Dave Stapleton","Julio Cruz","Dave Edler","Dan Meyer","Richie Zisk","Jeff Burroughs","Bruce Bochte","Dave Henderson","Jerry Narron","Jim Anderson","Dwight Evans","Dave Stapleton","Carney Lansford","Jim Rice","Tony Perez","Joe Rudi","Dave Schmidt","Reid Nichols","Jerry Remy",,
"BOS198105190","19810519",0,"Tuesday",0,"T","N","SEA","BOS","BOS07","parrm101","tanaf001","kunkb101","coont901","shulj901","parkd901","","",12768,"Mariners","Jim Herdman","Jim Herdman","1995/04/05 8:28PM","",0,0,0,0,-1,0,0,0,141,9,0,4,5,8,2,0,4,8,"tanaf001","parrm101","","yastc101","randl101",4,"edled101",5,"pacit001",7,"ziskr101",10,"burrj001",9,"grayg101",3,"hendd001",8,"bullb101",2,"andej001",6,"remyj001",4,"evand002",9,"yastc101",3,"ricej001",7,"peret001",10,"lansc001",5,"stapd001",6,"gedmr001",2,"millr001",8,"gleaj001","","","",,,51,,,,000000000,00002002x,29,0,0,0,0,0,0,0,2,0,9,0,0,3,0,3,4,4,0,0,24,5,0,2,0,31,2,0,1,4,0,0,0,5,0,4,1,0,1,0,1,0,0,0,0,27,12,0,3,0,,,,,,,,,,,"Frank Tanana","Mike Parrott","(none)","yastc101","Carl Yastrzemski","Len Randle","Dave Edler","Tom Paciorek","Richie Zisk","Jeff Burroughs","Gary Gray","Dave Henderson","Bud Bulling","Jim Anderson","Jerry Remy","Dwight Evans","Carl Yastrzemski","Jim Rice","Tony Perez","Carney Lansford","Dave Stapleton","Rich Gedman","Rick Miller",,
"BOS198105200","19810520",0,"Wednesday",730,"T","N","OAK","BOS","BOS07","mccas001","craws001","coont901","shulj901","parkd901","kunkb101","","",23007,"","Steve Hamilton","Steve Hamilton","1995/07/22 3:58PM","",0,0,0,0,-1,0,0,4,156,9,3,5,5,7,0,1,4,5,"stanb001","mccas001","burgt001","millr001","hendr001",7,"murpd002",8,"pagem001",10,"armat001",9,"grosw001",5,"johnc001",3,"heatm001",2,"doylb101",4,"piccr001",6,"remyj001",4,"evand002",9,"yastc101",3,"ricej001",7,"peret001",10,"lansc001",5,"stapd001",6,"gedmr001",2,"millr001",8,"owchb001","burgt001","","",,,51,,,,000003000,20010020x,32,1,0,2,3,0,0,1,1,0,6,0,0,1,0,2,5,5,0,0,24,9,0,0,0,31,1,0,1,5,0,0,0,3,0,2,1,0,0,0,3,3,3,0,0,27,11,0,1,0,,,,,,,,,,,"Bob Stanley","Steve McCatty","Tom Burgmeier","millr001","Rick Miller","Rickey Henderson","Dwayne Murphy","Mitchell Page","Tony Armas","Wayne Gross","Cliff Johnson","Mike Heath","Brian Doyle","Rob Picciolo","Jerry Remy","Dwight Evans","Carl Yastrzemski","Jim Rice","Tony Perez","Carney Lansford","Dave Stapleton","Rich Gedman","Rick Miller",,
"BOS198105210","19810521",0,"Thursday",730,"T","N","OAK","BOS","BOS07","kingb101","ecked001","shulj901","parkd901","kunkb101","coont901","","",23145,"Athletics","M. Pankin","M. Pankin","1995/06/24 10:44PM","",1,0,0,0,-1,0,0,4,155,9,0,3,2,8,0,0,7,4,"ecked001","kingb101","","ricej001","hendr001",7,"murpd002",8,"pagem001",10,"armat001",9,"grosw001",5,"johnc001",3,"newmj001",2,"doylb101",4,"stanf101",6,"remyj001",4,"evand002",9,"yastc101",10,"ricej001",7,"peret001",3,"lansc001",5,"stapd001",6,"gedmr001",2,"millr001",8,"","","","",,,51,,,,000000000,000000003,28,1,0,0,0,0,0,1,5,0,12,4,1,0,0,1,3,3,0,0,24,10,0,1,0,30,0,0,1,3,0,0,0,1,0,6,0,1,1,0,1,0,0,0,0,27,7,0,0,0,,,,,,,,,,,"Dennis Eckersley","Brian Kingman","(none)","ricej001","Jim Rice","Rickey Henderson","Dwayne Murphy","Mitchell Page","Tony Armas","Wayne Gross","Cliff Johnson","Jeff Newman","Brian Doyle","Fred Stanley","Jerry Remy","Dwight Evans","Carl Yastrzemski","Jim Rice","Tony Perez","Carney Lansford","Dave Stapleton","Rich Gedman","Rick Miller",,
"BOS198105250","19810525",0,"Monday",735,"T","N","CLE","BOS","BOS07","barkl001","craws001","mckej901","garcr901","koscg901","denkd901","","",20860,"Indians","M. Pankin","M. Pankin","1995/06/24 10:24PM","",1,0,81,0,-1,0,0,4,182,9,7,8,14,10,1,0,9,10,"cleam001","mongs001","","lansc001","mannr001",8,"ortaj001",9,"hargm001",3,"thora001",10,"hassr001",2,"harrt001",5,"charj101",7,"kuipd001",4,"veryt001",6,"remyj001",4,"evand002",9,"yastc101",3,"ricej001",7,"peret001",10,"lansc001",5,"stapd001",6,"gedmr001",2,"millr001",8,"stanm001","cleam001","","",,,51,,,,210100210,000002411,39,4,0,3,7,1,0,0,3,1,4,1,0,1,0,4,7,7,1,0,24,11,0,0,0,30,1,0,0,8,2,2,0,8,1,6,1,1,0,0,3,7,7,1,0,27,12,0,1,0,,,,,,,,,,,"Mark Clear","Sid Monge","(none)","lansc001","Carney Lansford","Rick Manning","Jorge Orta","Mike Hargrove","Andy Thornton","Ron Hassey","Toby Harrah","Joe Charboneau","Duane Kuiper","Tom Veryzer","Jerry Remy","Dwight Evans","Carl Yastrzemski","Jim Rice","Tony Perez","Carney Lansford","Dave Stapleton","Rich Gedman","Rick Miller",,
"BOS198105260","19810526",0,"Tuesday",736,"T","N","CLE","BOS","BOS07","garlw101","ecked001","garcr901","koscg901","denkd901","mckej901","","",16986,"Scoggins (BOS)","Bob Kapla","Bob Kapla","1996/02/17 9:51PM","",1,0,81,0,-1,0,0,0,142,9,5,2,10,7,0,2,4,8,"garlw101","ecked001","spild001","ortaj001","mannr001",8,"ortaj001",9,"hargm001",3,"thora001",10,"hassr001",2,"harrt001",5,"charj101",7,"kuipd001",4,"veryt001",6,"remyj001",4,"evand002",9,"yastc101",3,"ricej001",7,"rudij101",10,"lansc001",5,"stapd001",6,"gedmr001",2,"millr001",8,"spild001","","","",,,54,,,,005000000,000010100,36,1,0,0,4,0,0,0,0,0,2,0,1,1,0,2,2,2,0,0,27,11,0,1,0,32,3,0,1,2,0,1,0,4,0,3,0,0,1,0,1,4,4,0,0,27,14,0,1,0,,,,,,,,,,,"Wayne Garland","Dennis Eckersley","Dan Spillner","ortaj001","Jorge Orta","Rick Manning","Jorge Orta","Mike Hargrove","Andy Thornton","Ron Hassey","Toby Harrah","Joe Charboneau","Duane Kuiper","Tom Veryzer","Jerry Remy","Dwight Evans","Carl Yastrzemski","Jim Rice","Joe Rudi","Carney Lansford","Dave Stapleton","Rich Gedman","Rick Miller",,
"BOS198105270","19810527",0,"Wednesday",735,"T","N","CLE","BOS","BOS07","blylb001","tudoj001","koscg901","denkd901","mckej901","garcr901","","",17294,"Indians","Dobrow","Dobrow","1995/06/28 1:21PM","",1,0,78,0,-1,0,0,0,169,9,5,10,14,16,1,1,11,8,"cleam001","blylb001","","millr001","banna001",9,"rosed101",4,"hargm001",3,"thora001",10,"harrt001",5,"diazb001",2,"charj101",7,"mannr001",8,"veryt001",6,"remyj001",4,"evand002",9,"yastc101",3,"ricej001",7,"peret001",10,"lansc001",5,"stapd001",6,"gedmr001",2,"millr001",8,"laceb001","cleam001","","",,,51,,,,001210001,00060301x,38,3,0,0,5,1,1,0,3,0,7,0,1,0,0,4,10,10,0,0,24,8,0,0,0,40,2,1,4,10,0,0,0,2,0,5,0,0,0,0,3,4,4,1,0,27,9,0,0,0,,,,,,,,,,,"Mark Clear","Bert Blyleven","(none)","millr001","Rick Miller","Alan Bannister","Dave Rosello","Mike Hargrove","Andy Thornton","Toby Harrah","Bo Diaz","Joe Charboneau","Rick Manning","Tom Veryzer","Jerry Remy","Dwight Evans","Carl Yastrzemski","Jim Rice","Tony Perez","Carney Lansford","Dave Stapleton","Rich Gedman","Rick Miller",,
"BOS198105290","19810529",0,"Friday",0,"T","N","MIL","BOS","BOS07","slatj001","torrm001","dimul901","reilm901","bremn901","barnl901","","",22794,"Brewers","Dobrow","Dobrow","1995/07/11 8:16PM","",1,0,0,0,-1,0,0,0,157,9,5,4,6,7,1,2,4,6,"fingr001","burgt001","","simmt001","gantj001",4,"younr001",6,"coopc001",3,"oglib001",7,"simmt001",2,"hower001",5,"moned101",10,"broum001",9,"edwam102",8,"remyj001",4,"evand002",9,"yastc101",3,"ricej001",7,"lansc001",5,"rudij101",10,"stapd001",6,"gedmr001",2,"millr001",8,"fingr001","campb001","","",,,54,,,,100110002,100010020,32,1,0,3,5,0,0,1,3,0,3,1,1,1,0,3,4,4,1,0,27,9,0,0,0,35,4,0,1,4,0,0,0,2,0,2,1,0,0,0,3,4,4,0,0,27,12,0,1,0,,,,,,,,,,,"Rollie Fingers","Tom Burgmeier","(none)","simmt001","Ted Simmons","Jim Gantner","Robin Yount","Cecil Cooper","Ben Oglivie","Ted Simmons","Roy Howell","Don Money","Mark Brouhard","Marshall Edwards","Jerry Remy","Dwight Evans","Carl Yastrzemski","Jim Rice","Carney Lansford","Joe Rudi","Dave Stapleton","Rich Gedman","Rick Miller",,
"BOS198105300","19810530",0,"Saturday",0,"T","D","MIL","BOS","BOS07","haasm001","tanaf001","reilm901","bremn901","barnl901","dimul901","","",23718,"Brewers","Dobrow","Dobrow","1995/07/12 2:09AM","",1,0,76,0,-1,0,0,0,177,10,6,7,10,11,1,1,5,8,"cleam001","fingr001","","stapd001","moorc001",7,"younr001",6,"bands101",3,"simmt001",10,"oglib001",8,"moned101",5,"broum001",9,"romee001",4,"yoste001",2,"remyj001",4,"evand002",9,"yastc101",3,"ricej001",7,"rudij101",10,"lansc001",5,"stapd001",6,"gedmr001",2,"millr001",8,"fingr001","cleam001","","",,,58,,,,0000311010,0000001051,39,1,1,3,5,0,0,1,1,0,10,0,1,1,0,3,7,7,0,0,28,13,0,1,0,38,2,0,1,7,1,0,1,3,0,3,0,0,1,0,3,5,5,0,0,30,9,0,2,0,,,,,,,,,,,"Mark Clear","Rollie Fingers","(none)","stapd001","Dave Stapleton","Charlie Moore","Robin Yount","Sal Bando","Ted Simmons","Ben Oglivie","Don Money","Mark Brouhard","Ed Romero","Ned Yost","Jerry Remy","Dwight Evans","Carl Yastrzemski","Jim Rice","Joe Rudi","Carney Lansford","Dave Stapleton","Rich Gedman","Rick Miller",,
"BOS198105310","19810531",0,"Sunday",0,"T","D","MIL","BOS","BOS07","vuckp001","craws001","bremn901","barnl901","dimul901","reilm901","","",23781,"Brewers","Dobrow","Dobrow","1995/07/12 1:11PM","",1,0,74,0,-1,0,0,0,141,9,5,2,15,9,0,2,12,6,"vuckp001","craws001","","gantj001","gantj001",4,"younr001",6,"coopc001",3,"oglib001",7,"simmt001",2,"hower001",10,"moned101",5,"broum001",9,"edwam102",8,"remyj001",4,"evand002",9,"yastc101",3,"ricej001",7,"rudij101",10,"lansc001",5,"stapd001",6,"gedmr001",2,"millr001",8,"","burgt001","","",,,54,,,,200100020,001000100,40,2,2,1,5,0,0,1,3,0,1,1,1,2,0,1,2,2,0,0,27,14,0,1,0,34,0,0,1,2,0,0,0,1,0,4,1,1,1,0,3,3,3,1,0,27,14,0,2,0,,,,,,,,,,,"Pete Vuckovich","Steve Crawford","(none)","gantj001","Jim Gantner","Jim Gantner","Robin Yount","Cecil Cooper","Ben Oglivie","Ted Simmons","Roy Howell","Don Money","Mark Brouhard","Marshall Edwards","Jerry Remy","Dwight Evans","Carl Yastrzemski","Jim Rice","Joe Rudi","Carney Lansford","Dave Stapleton","Rich Gedman","Rick Miller",,
"BOS198108100","19810810",0,"Monday",730,"T","N","CHA","BOS","BOS07","dotsr001","ecked001","kunkb101","coont901","voltv901","shulj901","","",20227,"CHA","Chris Chestnut","Chris Chestnut","1995/08/07 8:17PM","",1,0,75,0,-1,0,0,1,172,9,7,1,13,10,1,0,9,11,"lampd001","ecked001","","bainh001","leflr101",7,"squim001",3,"fiskc001",2,"luzig001",10,"bainh001",9,"lemoc001",8,"bernt001",4,"morrj002",5,"almob001",6,"remyj001",4,"evand002",9,"yastc101",3,"ricej001",7,"lansc001",5,"gedmr001",2,"peret001",10,"hoffg001",6,"millr001",8,"hoytl001","campb001","","",,,54,,,,120000202,010000000,39,3,0,2,7,0,0,1,3,0,5,5,0,0,0,3,1,1,0,0,27,18,0,3,0,34,1,0,0,1,0,0,0,5,0,3,0,0,3,0,4,7,7,0,0,27,13,0,0,0,,,,,,,,,,,"Dennis Lamp","Dennis Eckersley","(none)","bainh001","Harold Baines","Ron LeFlore","Mike Squires","Carlton Fisk","Greg Luzinski","Harold Baines","Chet Lemon","Tony Bernazard","Jim Morrison","Bill Almon","Jerry Remy","Dwight Evans","Carl Yastrzemski","Jim Rice","Carney Lansford","Rich Gedman","Tony Perez","Glenn Hoffman","Rick Miller",,
"BOS198108110","19810811",0,"Tuesday",738,"T","N","CHA","BOS","BOS07","baumr101","torrm001","coont901","voltv901","shulj901","kunkb101","","",17889,"Scoggins/BOS","Bob Kapla","Bob Kapla","1996/03/14 9:56AM","",1,0,82,0,-1,0,0,3,157,9,4,2,12,5,2,2,8,5,"trous001","stanb001","farme101","luzig001","leflr101",7,"squim001",3,"fiskc001",2,"luzig001",10,"bainh001",9,"lemoc001",8,"bernt001",4,"morrj002",5,"almob001",6,"remyj001",4,"evand002",9,"lansc001",5,"ricej001",7,"peret001",3,"rudij101",10,"alleg001",2,"hoffg001",6,"nichr001",8,"farme101","burgt001","","",,,54,,,,101000101,020000000,38,3,1,1,4,0,0,0,1,0,3,0,0,1,0,3,2,2,1,0,27,11,0,1,0,32,1,0,0,2,0,0,0,2,0,8,0,0,1,0,3,4,4,0,0,27,13,0,2,0,,,,,,,,,,,"Steve Trout","Bob Stanley","Ed Farmer","luzig001","Greg Luzinski","Ron LeFlore","Mike Squires","Carlton Fisk","Greg Luzinski","Harold Baines","Chet Lemon","Tony Bernazard","Jim Morrison","Bill Almon","Jerry Remy","Dwight Evans","Carney Lansford","Jim Rice","Tony Perez","Joe Rudi","Gary Allenson","Glenn Hoffman","Reid Nichols",,
"BOS198108120","19810812",0,"Wednesday",737,"T","N","CHA","BOS","BOS07","burnb001","ojedb001","voltv901","shulj901","kunkb101","coont901","","",20257,"","Bob Kapla","Bob Kapla","1996/03/16 12:45PM","",0,0,82,0,-1,4,1,2,167,9,1,8,7,14,0,0,5,8,"ojedb001","hoytl001","","alleg001","leflr101",7,"johnl101",3,"fiskc001",2,"luzig001",10,"nordw101",9,"lemoc001",8,"bernt001",4,"morrj002",5,"almob001",6,"evand002",9,"stapd001",4,"lansc001",5,"ricej001",7,"peret001",3,"rudij101",10,"hoffg001",6,"alleg001",2,"nichr001",8,"hickk001","","","",,,51,,,,001000000,00102320x,30,0,0,0,1,0,0,0,3,0,5,2,0,1,0,3,8,8,1,0,24,12,0,2,0,36,2,0,6,8,0,0,0,4,0,2,0,0,1,0,1,1,1,0,0,27,15,0,1,0,,,,,,,,,,,"Bobby Ojeda","Lamarr Hoyt","(none)","alleg001","Gary Allenson","Ron LeFlore","Lamar Johnson","Carlton Fisk","Greg Luzinski","Wayne Nordhagen","Chet Lemon","Tony Bernazard","Jim Morrison","Bill Almon","Dwight Evans","Dave Stapleton","Carney Lansford","Jim Rice","Tony Perez","Joe Rudi","Glenn Hoffman","Gary Allenson","Reid Nichols",,
"BOS198108130","19810813",0,"Thursday",205,"T","D","CHA","BOS","BOS07","pattr001","craws001","shulj901","kunkb101","coont901","voltv901","","",18683,"","Bob Kapla","Bob Kapla","1996/03/16 1:19PM","",0,0,86,0,-1,4,1,1,183,9,6,9,9,12,0,0,5,10,"cleam001","pattr001","campb001","yastc101","leflr101",7,"squim001",3,"almob001",6,"luzig001",10,"bainh001",9,"lemoc001",8,"bernt001",4,"morrj002",5,"essij001",2,"remyj001",4,"evand002",9,"yastc101",3,"ricej001",7,"rudij101",10,"lansc001",5,"gedmr001",2,"millr001",8,"valdj101",6,"hickk001","campb001","","",,,51,,,,004001010,24100011x,34,3,0,2,6,0,1,0,3,0,6,0,0,1,0,4,9,9,1,0,24,14,1,2,0,34,5,0,1,6,0,0,0,9,1,2,2,0,1,0,3,6,6,0,0,27,10,0,1,0,,,,,,,,,,,"Mark Clear","Reggie Patterson","Bill Campbell","yastc101","Carl Yastrzemski","Ron LeFlore","Mike Squires","Bill Almon","Greg Luzinski","Harold Baines","Chet Lemon","Tony Bernazard","Jim Morrison","Jim Essian","Jerry Remy","Dwight Evans","Carl Yastrzemski","Jim Rice","Joe Rudi","Carney Lansford","Rich Gedman","Rick Miller","Julio Valdez",,
"BOS198108270","19810827",0,"Thursday",730,"T","N","OAK","BOS","BOS07","langr001","tudoj001","sprim901","brinj901","fordd901","cousd901","","",23432,"A's","Dobrow","Dobrow","1995/10/30 2:03PM","",1,0,0,0,-1,0,0,0,173,9,5,6,10,11,2,0,5,9,"stanb001","undet001","","evand002","hendr001",7,"murpd002",8,"johnc001",10,"armat001",9,"newmj001",3,"heatm001",2,"babis101",4,"mckad101",5,"stanf101",6,"remyj001",4,"evand002",9,"ricej001",7,"peret001",10,"yastc101",3,"lansc001",5,"gedmr001",2,"hoffg001",6,"millr001",8,"undet001","stanb001","","",,,51,,,,300200000,01000032x,32,2,0,1,5,0,0,1,4,0,7,0,1,2,0,3,6,6,0,0,24,8,0,0,0,33,1,1,1,5,0,1,0,5,0,5,0,1,0,0,2,5,5,0,0,27,17,0,2,0,,,,,,,,,,,"Bob Stanley","Tom Underwood","(none)","evand002","Dwight Evans","Rickey Henderson","Dwayne Murphy","Cliff Johnson","Tony Armas","Jeff Newman","Mike Heath","Shooty Babitt","Dave McKay","Fred Stanley","Jerry Remy","Dwight Evans","Jim Rice","Tony Perez","Carl Yastrzemski","Carney Lansford","Rich Gedman","Glenn Hoffman","Rick Miller",,
"BOS198108280","19810828",0,"Friday",738,"T","N","OAK","BOS","BOS07","norrm101","ojedb001","brinj901","fordd901","cousd901","sprim901","","",25356,"A's","Dobrow","Dobrow","1995/11/03 1:53PM","",1,0,68,0,-1,0,0,0,167,9,5,12,7,15,0,0,0,11,"ojedb001","norrm101","","gedmr001","hendr001",7,"murpd002",8,"johnc001",10,"armat001",9,"moork101",3,"newmj001",2,"babis101",4,"mckad101",5,"piccr001",6,"remyj001",4,"evand002",9,"ricej001",7,"peret001",10,"lansc001",5,"stapd001",3,"gedmr001",2,"hoffg001",6,"millr001",8,"jonej001","","","",,,51,,,,000001004,03512010x,32,0,0,3,5,0,0,0,0,0,4,0,0,2,0,4,11,11,1,0,24,5,1,1,0,37,2,0,0,12,0,1,1,8,0,9,0,0,1,0,1,5,5,0,0,27,15,0,2,0,,,,,,,,,,,"Bobby Ojeda","Mike Norris","(none)","gedmr001","Rich Gedman","Rickey Henderson","Dwayne Murphy","Cliff Johnson","Tony Armas","Kelvin Moore","Jeff Newman","Shooty Babitt","Dave McKay","Rob Picciolo","Jerry Remy","Dwight Evans","Jim Rice","Tony Perez","Carney Lansford","Dave Stapleton","Rich Gedman","Glenn Hoffman","Rick Miller",,
"BOS198108290","19810829",0,"Saturday",220,"T","D","OAK","BOS","BOS07","keoum001","torrm001","fordd901","cousd901","sprim901","brinj901","","",26318,"A's","Dobrow","Dobrow","1995/11/09 1:45PM","",1,0,0,0,-1,0,0,1,175,9,6,7,6,13,0,1,7,6,"torrm001","keoum001","","yastc101","hendr001",7,"murpd002",8,"grosw001",5,"armat001",9,"spenj101",3,"davim002",10,"heatm001",2,"mckad101",4,"stanf101",6,"remyj001",4,"evand002",9,"ricej001",7,"yastc101",3,"lansc001",10,"stapd001",5,"gedmr001",2,"hoffg001",6,"millr001",8,"owchb001","cleam001","","",,,51,,,,100110030,20000140x,33,0,0,2,5,0,0,0,7,0,8,2,0,0,0,3,7,7,0,0,24,16,0,2,0,32,1,2,2,7,2,1,0,2,0,0,0,0,2,0,2,5,5,2,0,27,8,0,0,0,,,,,,,,,,,"Mike Torrez","Matt Keough","(none)","yastc101","Carl Yastrzemski","Rickey Henderson","Dwayne Murphy","Wayne Gross","Tony Armas","Jim Spencer","Mike Davis","Mike Heath","Dave McKay","Fred Stanley","Jerry Remy","Dwight Evans","Jim Rice","Carl Yastrzemski","Carney Lansford","Dave Stapleton","Rich Gedman","Glenn Hoffman","Rick Miller",,
"BOS198108300","19810830",0,"Sunday",200,"T","D","OAK","BOS","BOS07","mccas001","tanaf001","cousd901","sprim901","brinj901","fordd901","","",25160,"A's","Dobrow","Dobrow","1995/11/14 2:20AM","",1,0,0,0,-1,0,0,2,154,9,5,3,14,4,1,0,9,6,"mccas001","tanaf001","","johnc001","hendr001",7,"murpd002",8,"johnc001",10,"armat001",9,"moork101",3,"klutm101",5,"newmj001",2,"babis101",4,"piccr001",6,"remyj001",4,"evand002",9,"ricej001",7,"yastc101",3,"lansc001",10,"gedmr001",2,"stapd001",5,"millr001",8,"hoffg001",6,"","burgt001","","",,,54,,,,002300000,000030000,39,0,1,3,5,0,0,0,2,0,5,1,0,1,0,1,3,3,0,0,27,7,0,0,0,31,1,0,1,3,0,0,0,5,0,4,0,0,0,0,3,5,5,0,0,27,13,0,1,0,,,,,,,,,,,"Steve McCatty","Frank Tanana","(none)","johnc001","Cliff Johnson","Rickey Henderson","Dwayne Murphy","Cliff Johnson","Tony Armas","Kelvin Moore","Mickey Klutts","Jeff Newman","Shooty Babitt","Rob Picciolo","Jerry Remy","Dwight Evans","Jim Rice","Carl Yastrzemski","Carney Lansford","Rich Gedman","Dave Stapleton","Rick Miller","Glenn Hoffman",,
"BOS198108310","19810831",0,"Monday",0,"T","N","CAL","BOS","BOS07","frosd101","ecked001","bremn901","merrd901","(none)","barnl901","","",20377,"CAL","Chris Chestnut","Chris Chestnut","1996/01/24 4:57PM","",1,0,0,0,-1,0,0,0,143,9,1,4,7,7,0,0,6,4,"ecked001","frosd101","","remyj001","burlr001",6,"lynnf001",8,"downb001",7,"bayld001",10,"gricb001",4,"fordd001",9,"ott-e101",2,"harrj101",3,"hobsb101",5,"remyj001",4,"evand002",9,"ricej001",7,"yastc101",3,"lansc001",10,"gedmr001",2,"stapd001",5,"millr001",8,"hoffg001",6,"kisob001","","","",,,51,,,,010000000,01001110x,33,0,1,0,1,0,0,0,1,0,4,0,0,1,0,3,4,4,0,0,24,14,0,1,0,30,3,1,0,4,0,0,0,2,0,4,0,0,1,0,1,1,1,0,0,27,9,0,1,0,,,,,,,,,,,"Dennis Eckersley","Dave Frost","(none)","remyj001","Jerry Remy","Rick Burleson","Fred Lynn","Brian Downing","Don Baylor","Bobby Grich","Dan Ford","Ed Ott","John Harris","Butch Hobson","Jerry Remy","Dwight Evans","Jim Rice","Carl Yastrzemski","Carney Lansford","Rich Gedman","Dave Stapleton","Rick Miller","Glenn Hoffman",,
"BOS198109010","19810901",0,"Tuesday",0,"T","N","CAL","BOS","BOS07","forsk001","stanb001","merrd901","koscg901","barnl901","bremn901","","",19712,"CAL","Chris Chestnut","Chris Chestnut","1996/01/25 4:50PM","",1,0,0,0,-1,0,0,0,144,9,3,2,11,8,1,0,5,7,"forsk001","stanb001","aased001","","downb001",2,"burlr001",6,"lynnf001",8,"bayld001",10,"gricb001",4,"fordd001",9,"clarb002",7,"harrj101",3,"hobsb101",5,"remyj001",4,"evand002",9,"ricej001",7,"peret001",3,"lansc001",10,"stapd001",5,"gedmr001",2,"millr001",8,"hoffg001",6,"aased001","aponl001","","",,,54,,,,000000210,010000001,32,0,0,0,2,1,0,0,2,0,4,0,0,5,0,2,2,2,0,0,27,10,0,1,0,32,1,0,0,2,1,1,0,2,1,5,0,0,1,0,3,3,3,1,0,27,17,0,5,0,,,,,,,,,,,"Ken Forsch","Bob Stanley","Don Aase","","(none)","Brian Downing","Rick Burleson","Fred Lynn","Don Baylor","Bobby Grich","Dan Ford","Bob Clark","John Harris","Butch Hobson","Jerry Remy","Dwight Evans","Jim Rice","Tony Perez","Carney Lansford","Dave Stapleton","Rich Gedman","Rick Miller","Glenn Hoffman",,
"BOS198109020","19810902",0,"Wednesday",0,"T","N","CAL","BOS","BOS07","wittm001","ojedb001","koscg901","barnl901","bremn901","merrd901","","",19433,"CAL","Chris Chestnut","Chris Chestnut","1996/01/25 5:39PM","",1,0,0,0,-1,0,0,0,157,9,1,3,6,7,0,0,9,6,"ojedb001","wittm001","cleam001","","downb001",2,"burlr001",6,"lynnf001",8,"bayld001",3,"gricb001",4,"fordd001",9,"benij001",10,"clarb002",7,"hobsb101",5,"remyj001",4,"evand002",9,"ricej001",7,"peret001",3,"lansc001",10,"stapd001",5,"gedmr001",2,"millr001",8,"hoffg001",6,"","cleam001","","",,,51,,,,010000000,01020000x,32,0,0,0,1,1,0,0,4,0,7,1,0,0,0,1,3,3,0,0,24,9,0,1,0,30,0,0,1,3,0,0,1,2,0,8,0,0,1,0,2,1,1,0,0,27,7,1,0,0,,,,,,,,,,,"Bobby Ojeda","Mike Witt","Mark Clear","stapd001","Dave Stapleton","Brian Downing","Rick Burleson","Fred Lynn","Don Baylor","Bobby Grich","Dan Ford","Juan Beniquez","Bob Clark","Butch Hobson","Jerry Remy","Dwight Evans","Jim Rice","Tony Perez","Carney Lansford","Dave Stapleton","Rich Gedman","Rick Miller","Glenn Hoffman",,
"BOS198109030","19810903",0,"Thursday",0,"T","N","SEA","BOS","BOS07","bannf001","torrm001","morrd901","denkd901","garcr901","mckej901","","",13355,"Mariners","Jim Herdman","Jim Herdman","1995/08/26 4:56PM","",0,0,0,0,-1,0,0,0,361,20,8,7,24,23,2,1,22,17,"galab101","stanb001","beatj001","simpj101","cruzj002",4,"bochb001",3,"pacit001",7,"ziskr101",10,"meyed001",5,"burrj001",9,"simpj101",8,"narrj001",2,"mchev101",6,"remyj001",4,"evand002",9,"ricej001",7,"peret001",3,"stapd001",5,"rudij101",10,"alleg001",2,"hoffg001",6,"millr001",8,"beatj001","stanb001","","",,,120,,,,01203010000000000001,00210001300000000000,80,7,1,0,6,1,0,1,8,2,15,1,0,1,0,9,7,7,1,0,60,24,0,5,0,77,3,0,0,7,0,0,0,7,0,10,0,0,5,0,7,7,7,2,0,60,24,0,2,0,,,,,,,,,,,"Bob Galasso","Bob Stanley","Jim Beattie","simpj101","Joe Simpson","Julio Cruz","Bruce Bochte","Tom Paciorek","Richie Zisk","Dan Meyer","Jeff Burroughs","Joe Simpson","Jerry Narron","Vance McHenry","Jerry Remy","Dwight Evans","Jim Rice","Tony Perez","Dave Stapleton","Joe Rudi","Gary Allenson","Glenn Hoffman","Rick Miller",,
"BOS198109040","19810904",0,"Friday",0,"T","N","SEA","BOS","BOS07","stodb001","tanaf001","denkd901","garcr901","mckej901","morrd901","","",20949,"Mariners","Jim Herdman","Jim Herdman","1995/07/23 7:17AM","",0,0,0,0,-1,0,0,0,165,9,5,2,10,8,1,0,8,8,"stodb001","tanaf001","parrm101","sernp101","cruzj002",4,"randl101",5,"pacit001",7,"ziskr101",10,"burrj001",9,"grayg101",3,"simpj101",8,"bullb101",2,"sernp101",6,"remyj001",4,"evand002",9,"ricej001",7,"peret001",3,"stapd001",5,"rudij101",10,"gedmr001",2,"hancg001",8,"hoffg001",6,"parrm101","craws001","","",,,54,,,,040010000,000100100,35,1,0,2,5,2,0,0,3,0,7,2,0,0,0,2,2,2,0,0,27,11,0,0,0,35,1,0,1,2,0,0,1,1,0,5,0,0,0,0,2,5,5,1,0,27,9,0,0,0,,,,,,,,,,,"Bob Stoddard","Frank Tanana","Mike Parrott","sernp101","Paul Serna","Julio Cruz","Len Randle","Tom Paciorek","Richie Zisk","Jeff Burroughs","Gary Gray","Joe Simpson","Bud Bulling","Paul Serna","Jerry Remy","Dwight Evans","Jim Rice","Tony Perez","Dave Stapleton","Joe Rudi","Rich Gedman","Garry Hancock","Glenn Hoffman",,
"BOS198109050","19810905",0,"Saturday",0,"T","D","SEA","BOS","BOS07","clayk101","ecked001","garcr901","mckej901","morrd901","denkd901","","",15434,"Mariners","Jim Herdman","Jim Herdman","1995/08/20 3:27PM","",0,0,0,0,-1,0,0,0,168,9,5,12,9,14,2,0,6,7,"tudoj001","clayk101","","stapd001","cruzj002",4,"parsc001",9,"meyed001",5,"ziskr101",10,"bochb001",3,"burrj001",7,"simpj101",8,"narrj001",2,"sernp101",6,"remyj001",4,"evand002",9,"ricej001",7,"yastc101",10,"rudij101",3,"stapd001",5,"millr001",8,"alleg001",2,"hoffg001",6,"clarb001","tudoj001","","",,,51,,,,100400000,20006121x,33,2,0,0,5,2,1,0,2,0,4,1,0,0,0,4,8,8,1,0,24,12,2,3,0,35,3,1,0,10,1,1,1,5,0,1,0,0,1,0,2,5,5,0,0,27,9,0,0,0,,,,,,,,,,,"John Tudor","Ken Clay","(none)","stapd001","Dave Stapleton","Julio Cruz","Casey Parsons","Dan Meyer","Richie Zisk","Bruce Bochte","Jeff Burroughs","Joe Simpson","Jerry Narron","Paul Serna","Jerry Remy","Dwight Evans","Jim Rice","Carl Yastrzemski","Joe Rudi","Dave Stapleton","Rick Miller","Gary Allenson","Glenn Hoffman",,
"BOS198109060","19810906",0,"Sunday",0,"T","D","SEA","BOS","BOS07","abbog001","hursb001","mckej901","morrd901","denkd901","garcr901","","",17913,"Mariners","Jim Herdman","Jim Herdman","1995/07/29 7:57AM","",0,0,0,0,-1,0,0,0,148,9,1,6,6,9,0,0,13,6,"hursb001","abbog001","cleam001","yastc101","randl101",5,"sernp101",4,"pacit001",7,"ziskr101",10,"burrj001",9,"grayg101",3,"bullb101",2,"hendd001",8,"andej001",6,"evand002",9,"stapd001",5,"ricej001",7,"yastc101",10,"rudij101",3,"gedmr001",2,"millr001",8,"walkc001",4,"hoffg001",6,"dragd101","cleam001","","",,,51,,,,000001000,00000600x,33,3,0,0,1,0,0,1,7,1,6,1,0,0,0,5,6,6,0,0,24,11,0,0,0,31,1,1,0,6,1,0,0,4,1,3,0,1,0,0,2,1,1,1,0,27,11,0,0,0,,,,,,,,,,,"Bruce Hurst","Glenn Abbott","Mark Clear","yastc101","Carl Yastrzemski","Len Randle","Paul Serna","Tom Paciorek","Richie Zisk","Jeff Burroughs","Gary Gray","Bud Bulling","Dave Henderson","Jim Anderson","Dwight Evans","Dave Stapleton","Jim Rice","Carl Yastrzemski","Joe Rudi","Rich Gedman","Rick Miller","Chico Walker","Glenn Hoffman",,
"BOS198109140","19810914",0,"Monday",842,"T","N","DET","BOS","BOS07","petrd001","torrm001","brinj901","fordd901","cousd901","sprim901","","",13060,"Scoggins/BOS","Bob Kapla","Bob Kapla","1996/03/02 10:59PM","",1,0,82,0,-1,2,4,4,139,9,2,5,6,10,0,1,7,10,"stanb001","petrd001","","remyj001","peter001",8,"trama001",6,"kemps001",7,"hebnr001",3,"summc001",10,"parrl001",2,"jonel001",9,"broot001",5,"whitl001",4,"remyj001",4,"evand002",9,"ricej001",7,"yastc101",10,"lansc001",5,"peret001",3,"gedmr001",2,"millr001",8,"hoffg001",6,"lopea001","stanb001","","",,,51,,,,100001000,10100210x,31,0,0,1,2,0,0,0,5,0,3,0,1,2,0,2,5,5,1,0,24,8,0,1,0,32,2,0,1,5,1,0,0,6,1,3,0,0,1,0,2,1,1,0,0,27,16,1,2,0,,,,,,,,,,,"Bob Stanley","Dan Petry","(none)","remyj001","Jerry Remy","Rick Peters","Alan Trammell","Steve Kemp","Richie Hebner","Champ Summers","Lance Parrish","Lynn Jones","Tom Brookens","Lou Whitaker","Jerry Remy","Dwight Evans","Jim Rice","Carl Yastrzemski","Carney Lansford","Tony Perez","Rich Gedman","Rick Miller","Glenn Hoffman",,
"BOS198109161","19810916",1,"Wednesday",532,"T","N","DET","BOS","BOS07","morrj001","ecked001","fordd901","cousd901","sprim901","brinj901","","",0,"Scoggins/BOS","Bob Kapla","Bob Kapla","1996/03/02 11:27PM","",0,0,66,0,-1,0,0,0,158,10,1,2,7,10,0,0,8,10,"ecked001","morrj001","","lansc001","peter001",8,"trama001",6,"gibsk001",10,"kemps001",7,"hebnr001",3,"parrl001",2,"leacr001",9,"broot001",5,"whitl001",4,"remyj001",4,"evand002",9,"ricej001",7,"yastc101",10,"lansc001",5,"peret001",3,"gedmr001",2,"millr001",8,"hoffg001",6,"","","","",,,59,,,,0001000000,0010000001,34,1,0,0,1,2,0,0,3,1,5,1,0,1,0,1,2,2,0,1,29,9,0,1,0,37,1,0,0,2,1,0,0,3,2,5,1,0,1,0,1,1,1,0,0,30,9,0,1,0,,,,,,,,,,,"Dennis Eckersley","Jack Morris","(none)","lansc001","Carney Lansford","Rick Peters","Alan Trammell","Kirk Gibson","Steve Kemp","Richie Hebner","Lance Parrish","Rick Leach","Tom Brookens","Lou Whitaker","Jerry Remy","Dwight Evans","Jim Rice","Carl Yastrzemski","Carney Lansford","Tony Perez","Rich Gedman","Rick Miller","Glenn Hoffman",,
"BOS198109162","19810916",2,"Wednesday",836,"T","N","DET","BOS","BOS07","ujduj001","hursb001","cousd901","sprim901","brinj901","fordd901","","",13312,"Scoggins/BOS","Bob Kapla","Bob Kapla","1996/03/02 11:46PM","",0,0,62,0,-1,0,0,0,157,9,4,5,8,10,0,1,9,8,"burgt001","tobid001","","stapd001","cowea001",8,"trama001",6,"gibsk001",9,"kemps001",7,"jackr002",3,"parrl001",2,"wockj001",10,"broot001",5,"whitl001",4,"remyj001",4,"evand002",9,"ricej001",7,"yastc101",10,"lansc001",5,"stapd001",6,"peret001",3,"millr001",8,"alleg001",2,"rozed001","burgt001","","",,,51,,,,000011200,10200020x,34,1,0,1,4,0,0,0,6,0,5,1,0,1,0,3,5,5,0,0,24,10,0,0,0,33,3,0,0,5,0,0,0,4,0,5,0,0,0,0,3,4,4,0,0,27,8,0,1,0,,,,,,,,,,,"Tom Burgmeier","Dave Tobik","(none)","stapd001","Dave Stapleton","Al Cowens","Alan Trammell","Kirk Gibson","Steve Kemp","Ron Jackson","Lance Parrish","John Wockenfuss","Tom Brookens","Lou Whitaker","Jerry Remy","Dwight Evans","Jim Rice","Carl Yastrzemski","Carney Lansford","Dave Stapleton","Tony Perez","Rick Miller","Gary Allenson",,
"BOS198109170","19810917",0,"Thursday",736,"T","N","DET","BOS","BOS07","wilcm001","ojedb001","sprim901","brinj901","fordd901","cousd901","","",16832,"","Bob Kapla","Bob Kapla","1996/03/03 12:37PM","",0,0,66,0,-1,0,0,0,186,9,1,6,7,11,0,0,10,10,"ojedb001","wilcm001","campb001","lansc001","cowea001",8,"trama001",6,"gibsk001",9,"kemps001",7,"jackr002",3,"parrl001",2,"wockj001",10,"broot001",5,"whitl001",4,"remyj001",4,"evand002",9,"ricej001",7,"yastc101",10,"lansc001",5,"stapd001",6,"peret001",3,"gedmr001",2,"millr001",8,"lopea001","campb001","","",,,51,,,,000001000,11010003x,32,0,0,0,1,0,1,0,5,0,5,0,0,1,0,3,6,6,0,0,24,10,0,0,0,32,3,0,1,6,2,1,0,5,0,4,1,0,0,0,2,1,1,0,0,27,7,0,1,0,,,,,,,,,,,"Bobby Ojeda","Milt Wilcox","Bill Campbell","lansc001","Carney Lansford","Al Cowens","Alan Trammell","Kirk Gibson","Steve Kemp","Ron Jackson","Lance Parrish","John Wockenfuss","Tom Brookens","Lou Whitaker","Jerry Remy","Dwight Evans","Jim Rice","Carl Yastrzemski","Carney Lansford","Dave Stapleton","Tony Perez","Rich Gedman","Rick Miller",,
"BOS198109180","19810918",0,"Friday",0,"T","D","NYA","BOS","BOS07","reusr001","tanaf001","neudj901","mccol901","merrd901","phild901","","",34283,"","Bob Kapla","Bob Kapla","1995/12/12 10:55PM","",0,0,0,0,-1,0,0,2,140,9,6,4,6,7,2,1,3,5,"davir001","stanb001","","murcb101","randw001",4,"milbl001",6,"winfd001",8,"pinil001",10,"jackr001",9,"nettg001",5,"watsb001",3,"footb101",2,"wertd101",7,"remyj001",4,"evand002",9,"ricej001",7,"yastc101",10,"lansc001",5,"stapd001",6,"peret001",3,"gedmr001",2,"millr001",8,"davir001","stanb001","","",,,54,,,,000004011,001000300,32,0,0,3,6,1,0,0,3,0,7,0,0,0,0,2,4,4,0,0,27,13,0,3,0,32,2,0,1,3,0,0,0,4,0,4,0,1,2,0,2,6,6,0,0,27,12,0,0,0,,,,,,,,,,,"Ron Davis","Bob Stanley","(none)","murcb101","Bobby Murcer","Willie Randolph","Larry Milbourne","Dave Winfield","Lou Piniella","Reggie Jackson","Graig Nettles","Bob Watson","Barry Foote","Dennis Werth","Jerry Remy","Dwight Evans","Jim Rice","Carl Yastrzemski","Carney Lansford","Dave Stapleton","Tony Perez","Rich Gedman","Rick Miller",,
"BOS198109190","19810919",0,"Saturday",0,"T","N","NYA","BOS","BOS07","guidr001","torrm001","mccol901","merrd901","phild901","neudj901","","",32620,"","Bob Kapla","Bob Kapla","1995/12/13 4:00PM","",0,0,0,0,-1,0,4,2,164,9,5,8,10,12,1,3,7,5,"tudoj001","davir001","cleam001","","randw001",4,"murcb101",10,"winfd001",8,"jackr001",9,"gambo001",7,"nettg001",5,"watsb001",3,"ceror001",2,"milbl001",6,"remyj001",4,"evand002",9,"ricej001",7,"yastc101",10,"lansc001",5,"stapd001",6,"peret001",3,"alleg001",2,"millr001",8,"larod101","cleam001","","",,,51,,,,111100010,01000007x,36,4,0,1,5,1,0,0,2,0,4,0,0,1,0,3,8,8,0,0,24,8,0,1,0,35,3,0,1,7,0,0,0,2,0,8,0,0,1,0,3,4,4,0,0,27,11,0,1,0,,,,,,,,,,,"John Tudor","Ron Davis","Mark Clear","millr001","Rick Miller","Willie Randolph","Bobby Murcer","Dave Winfield","Reggie Jackson","Oscar Gamble","Graig Nettles","Bob Watson","Rick Cerone","Larry Milbourne","Jerry Remy","Dwight Evans","Jim Rice","Carl Yastrzemski","Carney Lansford","Dave Stapleton","Tony Perez","Gary Allenson","Rick Miller",,
"BOS198109200","19810920",0,"Sunday",205,"T","D","NYA","BOS","BOS07","johnt001","hursb001","merrd901","phild901","neudj901","mccol901","","",35091,"","Bob Kapla","Bob Kapla","1996/01/06 4:57PM","",0,0,73,0,-1,0,1,2,139,9,1,4,8,10,0,0,9,9,"hursb001","johnt001","campb001","peret001","randw001",4,"milbl001",6,"winfd001",8,"pinil001",7,"jackr001",9,"watsb001",3,"footb101",10,"ceror001",2,"rodra101",5,"remyj001",4,"evand002",9,"ricej001",7,"yastc101",10,"lansc001",5,"stapd001",6,"peret001",3,"alleg001",2,"millr001",8,"","campb001","","",,,51,,,,100000000,00020200x,35,3,0,0,1,0,0,0,2,0,6,1,0,0,0,1,3,3,0,0,24,12,1,2,0,33,1,0,2,4,0,0,0,4,0,3,0,0,1,0,2,1,1,0,0,27,10,0,0,0,,,,,,,,,,,"Bruce Hurst","Tommy John","Bill Campbell","peret001","Tony Perez","Willie Randolph","Larry Milbourne","Dave Winfield","Lou Piniella","Reggie Jackson","Bob Watson","Barry Foote","Rick Cerone","Aurelio Rodriguez","Jerry Remy","Dwight Evans","Jim Rice","Carl Yastrzemski","Carney Lansford","Dave Stapleton","Tony Perez","Gary Allenson","Rick Miller",,
"BOS198109210","19810921",0,"Monday",738,"T","N","MIL","BOS","BOS07","haasm001","ecked001","bremn901","reilm901","clara901","barnl901","","",14575,"","Bob Kapla","Bob Kapla","1996/01/07 2:01PM","",0,0,65,0,-1,0,0,0,150,9,3,9,9,14,2,0,7,10,"ecked001","haasm001","","stapd001","gantj001",4,"younr001",6,"coopc001",3,"simmt001",2,"oglib001",7,"thomg001",8,"hower001",5,"bands101",10,"broum001",9,"remyj001",4,"evand002",9,"ricej001",7,"yastc101",10,"lansc001",5,"stapd001",6,"peret001",3,"gedmr001",2,"millr001",8,"moord001","","","",,,51,,,,002000010,00521100x,36,5,0,0,3,0,0,0,1,0,3,0,0,0,0,3,9,9,1,0,24,14,1,1,0,36,3,0,1,9,0,0,0,7,0,3,0,1,1,0,1,3,3,0,0,27,6,0,0,0,,,,,,,,,,,"Dennis Eckersley","Moose Haas","(none)","stapd001","Dave Stapleton","Jim Gantner","Robin Yount","Cecil Cooper","Ted Simmons","Ben Oglivie","Gorman Thomas","Roy Howell","Sal Bando","Mark Brouhard","Jerry Remy","Dwight Evans","Jim Rice","Carl Yastrzemski","Carney Lansford","Dave Stapleton","Tony Perez","Rich Gedman","Rick Miller",,
"BOS198109220","19810922",0,"Tuesday",737,"T","N","MIL","BOS","BOS07","vuckp001","ojedb001","reilm901","clara901","barnl901","bremn901","","",18363,"","Bob Kapla","Bob Kapla","1996/01/07 10:30PM","",0,0,0,0,-1,0,0,4,157,9,10,8,10,13,0,1,5,4,"fingr001","cleam001","","younr001","moorc001",2,"younr001",6,"coopc001",3,"simmt001",10,"thomg001",8,"oglib001",7,"bands101",5,"broum001",9,"gantj001",4,"remyj001",4,"evand002",9,"ricej001",7,"yastc101",10,"lansc001",5,"stapd001",6,"peret001",3,"gedmr001",2,"millr001",8,"fingr001","burgt001","","",,,54,,,,002120302,010321100,34,4,0,1,10,2,1,0,5,1,5,1,0,1,0,4,8,8,0,0,27,11,0,2,0,36,1,0,2,8,1,1,0,1,0,10,0,0,1,0,4,9,9,0,0,27,14,0,1,0,,,,,,,,,,,"Rollie Fingers","Mark Clear","(none)","younr001","Robin Yount","Charlie Moore","Robin Yount","Cecil Cooper","Ted Simmons","Gorman Thomas","Ben Oglivie","Sal Bando","Mark Brouhard","Jim Gantner","Jerry Remy","Dwight Evans","Jim Rice","Carl Yastrzemski","Carney Lansford","Dave Stapleton","Tony Perez","Rich Gedman","Rick Miller",,
"BOS198109230","19810923",0,"Wednesday",652,"T","N","MIL","BOS","BOS07","slatj001","tanaf001","clara901","barnl901","bremn901","reilm901","","",15627,"","Bob Kapla","Bob Kapla","1996/01/10 3:03PM","",0,0,0,0,-1,0,0,4,199,9,5,11,9,13,0,3,11,12,"aponl001","eastj001","","alleg001","moorc001",2,"younr001",6,"coopc001",3,"simmt001",10,"thomg001",8,"oglib001",7,"bands101",5,"broum001",9,"gantj001",4,"remyj001",4,"evand002",9,"ricej001",7,"yastc101",10,"lansc001",5,"stapd001",6,"peret001",3,"gedmr001",2,"millr001",8,"dipif001","aponl001","","",,,51,,,,100003010,10100180x,36,1,0,0,5,0,0,0,7,0,4,1,0,2,0,6,11,11,0,0,24,7,0,0,0,35,2,0,2,11,1,0,0,11,1,3,0,1,0,0,3,2,2,0,0,27,12,0,2,0,,,,,,,,,,,"Luis Aponte","Jamie Easterly","(none)","alleg001","Gary Allenson","Charlie Moore","Robin Yount","Cecil Cooper","Ted Simmons","Gorman Thomas","Ben Oglivie","Sal Bando","Mark Brouhard","Jim Gantner","Jerry Remy","Dwight Evans","Jim Rice","Carl Yastrzemski","Carney Lansford","Dave Stapleton","Tony Perez","Rich Gedman","Rick Miller",,
"BOS198109240","19810924",0,"Thursday",738,"T","N","CLE","BOS","BOS07","brent001","torrm001","merrd901","phild901","neudj901","mccol901","","",14720,"Scoggins/BOS","Bob Kapla","Bob Kapla","1996/03/03 1:00PM","",0,0,62,0,-1,0,0,0,174,9,5,2,10,9,1,2,10,11,"spild001","torrm001","","harrt001","dilom001",7,"ortaj001",9,"hargm001",3,"hayev001",10,"harrt001",5,"hassr001",2,"mannr001",8,"kuipd001",4,"veryt001",6,"remyj001",4,"evand002",9,"ricej001",7,"yastc101",10,"lansc001",5,"stapd001",6,"peret001",3,"gedmr001",2,"millr001",8,"spild001","burgt001","","",,,54,,,,010000301,000101000,33,2,0,0,4,2,0,0,7,1,4,2,1,2,0,2,1,1,0,0,27,7,0,2,0,35,3,0,1,1,0,0,0,5,1,2,0,0,1,0,2,4,4,0,0,27,16,1,2,0,,,,,,,,,,,"Dan Spillner","Mike Torrez","(none)","harrt001","Toby Harrah","Miguel Dilone","Jorge Orta","Mike Hargrove","Von Hayes","Toby Harrah","Ron Hassey","Rick Manning","Duane Kuiper","Tom Veryzer","Jerry Remy","Dwight Evans","Jim Rice","Carl Yastrzemski","Carney Lansford","Dave Stapleton","Tony Perez","Rich Gedman","Rick Miller",,
"BOS198109250","19810925",0,"Friday",750,"T","N","CLE","BOS","BOS07","garlw101","hursb001","phild901","neudj901","mccol901","merrd901","","",26136,"Scoggins/BOS","Bob Kapla","Bob Kapla","1996/03/03 1:18PM","",0,0,68,0,-1,0,0,0,141,9,4,5,6,11,1,1,4,9,"stanb001","garlw101","","gedmr001","dilom001",7,"ortaj001",9,"hargm001",3,"diazb001",2,"harrt001",5,"thora001",10,"banna001",4,"mannr001",8,"veryt001",6,"remyj001",4,"evand002",9,"ricej001",7,"yastc101",10,"lansc001",5,"stapd001",6,"peret001",3,"gedmr001",2,"millr001",8,"lewad101","stanb001","","",,,51,,,,010300000,20111000x,31,2,0,0,3,0,0,0,4,0,1,1,0,3,0,2,4,4,0,0,24,10,1,0,0,35,2,0,1,5,0,0,0,3,0,5,1,0,0,0,2,4,4,1,0,27,21,0,3,0,,,,,,,,,,,"Bob Stanley","Wayne Garland","(none)","gedmr001","Rich Gedman","Miguel Dilone","Jorge Orta","Mike Hargrove","Bo Diaz","Toby Harrah","Andy Thornton","Alan Bannister","Rick Manning","Tom Veryzer","Jerry Remy","Dwight Evans","Jim Rice","Carl Yastrzemski","Carney Lansford","Dave Stapleton","Tony Perez","Rich Gedman","Rick Miller",,
"BOS198109260","19810926",0,"Saturday",207,"T","D","CLE","BOS","BOS07","waitr001","ecked001","neudj901","mccol901","merrd901","phild901","","",24034,"Scoggins/BOS","Bob Kapla","Bob Kapla","1996/03/03 1:54PM","",0,0,70,0,-1,0,0,0,157,9,7,5,15,7,0,3,7,5,"waitr001","ecked001","spild001","harrt001","dilom001",7,"ortaj001",9,"hargm001",3,"hayev001",10,"harrt001",5,"hassr001",2,"mannr001",8,"kuipd001",4,"dybzj001",6,"remyj001",4,"evand002",9,"ricej001",7,"yastc101",10,"lansc001",5,"stapd001",6,"peret001",3,"alleg001",2,"millr001",8,"spild001","burgt001","","",,,54,,,,401010100,003000200,37,0,0,0,7,1,0,0,3,1,8,1,2,2,0,2,5,5,1,1,27,12,0,0,0,33,3,0,0,5,0,1,0,3,0,6,0,0,0,0,2,6,6,0,0,27,11,0,2,0,,,,,,,,,,,"Rick Waits","Dennis Eckersley","Dan Spillner","harrt001","Toby Harrah","Miguel Dilone","Jorge Orta","Mike Hargrove","Von Hayes","Toby Harrah","Ron Hassey","Rick Manning","Duane Kuiper","Jerry Dybzinski","Jerry Remy","Dwight Evans","Jim Rice","Carl Yastrzemski","Carney Lansford","Dave Stapleton","Tony Perez","Gary Allenson","Rick Miller",,
"BOS198109270","19810927",0,"Sunday",206,"T","D","CLE","BOS","BOS07","barkl001","ojedb001","mccol901","merrd901","phild901","neudj901","","",31727,"Scoggins/BOS","Bob Kapla","Bob Kapla","1996/03/03 2:17PM","",0,0,75,0,-1,0,0,0,202,11,8,7,12,11,1,1,10,5,"mongs001","cleam001","","diazb001","dilom001",7,"ortaj001",9,"hargm001",3,"diazb001",2,"harrt001",5,"thora001",10,"banna001",4,"mannr001",8,"dybzj001",6,"remyj001",4,"evand002",9,"ricej001",7,"yastc101",10,"stapd001",5,"peret001",3,"gedmr001",2,"millr001",8,"hoffg001",6,"mongs001","cleam001","","",,,66,,,,13012000001,20000120200,43,4,0,1,8,1,0,0,7,1,6,2,0,3,0,3,7,7,0,0,33,9,0,1,0,43,2,0,2,7,0,1,0,1,0,7,0,0,1,0,4,6,6,0,0,33,17,0,3,0,,,,,,,,,,,"Sid Monge","Mark Clear","(none)","diazb001","Bo Diaz","Miguel Dilone","Jorge Orta","Mike Hargrove","Bo Diaz","Toby Harrah","Andy Thornton","Alan Bannister","Rick Manning","Jerry Dybzinski","Jerry Remy","Dwight Evans","Jim Rice","Carl Yastrzemski","Dave Stapleton","Tony Perez","Rich Gedman","Rick Miller","Glenn Hoffman",,
