"GAME_ID","INN_CT","BAT_HOME_ID","SUB_ID","SUB_HOME_ID","SUB_LINEUP_ID","SUB_FLD_CD","REMOVED_ID","REMOVED_FLD_CD","EVENT_ID","FILENAME_TX","LINE_NUMBER_CT"
"NYN198404170",5,0,"swanc001",1,9,1,"darlr001",1,40,"1984NYN.EVN.regular.sub.csv",2
"NYN198404170",5,1,"heepd001",1,9,11,"swanc001",1,45,"1984NYN.EVN.regular.sub.csv",3
"NYN198404170",6,0,"tidrd001",1,9,1,"heepd001",11,48,"1984NYN.EVN.regular.sub.csv",4
"NYN198404170",7,0,"thomd001",0,1,12,"rosep001",7,61,"1984NYN.EVN.regular.sub.csv",5
"NYN198404170",7,1,"thomd001",0,1,7,"thomd001",12,62,"1984NYN.EVN.regular.sub.csv",6
"NYN198404170",8,1,"staur001",1,9,11,"tidrd001",1,68,"1984NYN.EVN.regular.sub.csv",7
"NYN198404170",8,1,"wohlj001",0,4,9,"dawsa001",9,68,"1984NYN.EVN.regular.sub.csv",8
"NYN198404170",8,1,"joner001",1,9,12,"staur001",11,69,"1984NYN.EVN.regular.sub.csv",9
"NYN198404170",9,0,"siskd001",1,9,1,"joner001",12,72,"1984NYN.EVN.regular.sub.csv",10
"NYN198404180",7,0,"dilom001",0,9,11,"lea-c001",1,54,"1984NYN.EVN.regular.sub.csv",11
"NYN198404180",7,0,"siskd001",1,9,1,"terrw001",1,58,"1984NYN.EVN.regular.sub.csv",12
"NYN198404180",7,1,"rearj001",0,1,1,"rosep001",7,59,"1984NYN.EVN.regular.sub.csv",13
"NYN198404180",7,1,"thomd001",0,9,7,"dilom001",11,59,"1984NYN.EVN.regular.sub.csv",14
"NYN198404180",7,1,"staur001",1,9,11,"siskd001",1,60,"1984NYN.EVN.regular.sub.csv",15
"NYN198404180",8,0,"lynce001",1,9,1,"staur001",11,62,"1984NYN.EVN.regular.sub.csv",16
"NYN198404180",8,1,"heepd001",1,2,11,"oquej001",6,66,"1984NYN.EVN.regular.sub.csv",17
"NYN198404180",9,0,"gardr001",1,2,6,"heepd001",11,69,"1984NYN.EVN.regular.sub.csv",18
"NYN198404180",9,1,"hodgr001",1,9,11,"lynce001",1,78,"1984NYN.EVN.regular.sub.csv",19
"NYN198404180",9,1,"lucag001",0,1,1,"rearj001",1,79,"1984NYN.EVN.regular.sub.csv",20
"NYN198404190",3,1,"harrg001",0,9,1,"gullb001",1,33,"1984NYN.EVN.regular.sub.csv",21
"NYN198404190",5,0,"dilom001",0,9,11,"harrg001",1,41,"1984NYN.EVN.regular.sub.csv",22
"NYN198404190",5,1,"schad001",0,9,1,"dilom001",11,50,"1984NYN.EVN.regular.sub.csv",23
"NYN198404190",6,0,"swanc001",1,9,1,"goodd001",1,53,"1984NYN.EVN.regular.sub.csv",24
"NYN198404190",8,0,"orosj001",1,9,1,"swanc001",1,68,"1984NYN.EVN.regular.sub.csv",25
"NYN198404190",8,0,"thomd001",0,1,12,"rosep001",7,71,"1984NYN.EVN.regular.sub.csv",26
"NYN198404190",8,1,"thomd001",0,1,7,"thomd001",12,73,"1984NYN.EVN.regular.sub.csv",27
"NYN198404190",8,1,"lucag001",0,9,1,"schad001",1,78,"1984NYN.EVN.regular.sub.csv",28
"NYN198404190",9,0,"oquej001",1,1,6,"backw001",4,79,"1984NYN.EVN.regular.sub.csv",29
"NYN198404190",9,0,"gardr001",1,2,4,"gardr001",6,79,"1984NYN.EVN.regular.sub.csv",30
"NYN198404270",4,1,"virgo001",0,7,2,"diazb001",2,28,"1984NYN.EVN.regular.sub.csv",31
"NYN198404270",7,0,"grosg001",0,9,11,"dennj001",1,50,"1984NYN.EVN.regular.sub.csv",32
"NYN198404270",7,0,"siskd001",1,9,1,"leart001",1,50,"1984NYN.EVN.regular.sub.csv",33
"NYN198404270",7,1,"campb001",0,9,1,"grosg001",11,51,"1984NYN.EVN.regular.sub.csv",34
"NYN198404270",8,0,"tidrd001",1,9,1,"siskd001",1,62,"1984NYN.EVN.regular.sub.csv",35
"NYN198404270",8,0,"corct001",0,9,11,"campb001",1,63,"1984NYN.EVN.regular.sub.csv",36
"NYN198404270",8,1,"fitzm001",1,9,11,"tidrd001",1,67,"1984NYN.EVN.regular.sub.csv",37
"NYN198404270",8,1,"holla001",0,9,1,"corct001",11,67,"1984NYN.EVN.regular.sub.csv",38
"NYN198404270",9,0,"swanc001",1,9,1,"fitzm001",11,71,"1984NYN.EVN.regular.sub.csv",39
"NYN198404270",9,1,"garck001",0,3,5,"schmm001",5,74,"1984NYN.EVN.regular.sub.csv",40
"NYN198404280",7,1,"heepd001",1,9,11,"darlr001",1,61,"1984NYN.EVN.regular.sub.csv",41
"NYN198404280",7,1,"staur001",1,2,11,"oquej001",6,63,"1984NYN.EVN.regular.sub.csv",42
"NYN198404280",8,0,"lynce001",1,2,1,"staur001",11,64,"1984NYN.EVN.regular.sub.csv",43
"NYN198404280",8,0,"joner001",1,9,6,"heepd001",11,64,"1984NYN.EVN.regular.sub.csv",44
"NYN198404280",9,0,"maddg001",0,7,12,"virgo001",2,73,"1984NYN.EVN.regular.sub.csv",45
"NYN198404280",9,0,"grosg001",0,9,11,"hudsc001",1,74,"1984NYN.EVN.regular.sub.csv",46
"NYN198404280",9,1,"wockj001",0,7,2,"maddg001",12,76,"1984NYN.EVN.regular.sub.csv",47
"NYN198404280",9,1,"holla001",0,9,1,"grosg001",11,76,"1984NYN.EVN.regular.sub.csv",48
"NYN198404280",9,1,"fitzm001",1,8,11,"hodgr001",2,77,"1984NYN.EVN.regular.sub.csv",49
"NYN198404290",6,1,"joner001",1,9,11,"terrw001",1,58,"1984NYN.EVN.regular.sub.csv",50
"NYN198404290",6,1,"staur001",1,9,11,"joner001",11,58,"1984NYN.EVN.regular.sub.csv",51
"NYN198404290",6,1,"grosk001",0,9,1,"koosj001",1,58,"1984NYN.EVN.regular.sub.csv",52
"NYN198404290",6,1,"darlr001",1,9,12,"staur001",11,59,"1984NYN.EVN.regular.sub.csv",53
"NYN198404290",7,0,"grosg001",0,9,11,"grosk001",1,60,"1984NYN.EVN.regular.sub.csv",54
"NYN198404290",7,0,"siskd001",1,9,1,"darlr001",12,60,"1984NYN.EVN.regular.sub.csv",55
"NYN198404290",7,1,"campb001",0,2,1,"matul001",3,64,"1984NYN.EVN.regular.sub.csv",56
"NYN198404290",7,1,"grosg001",0,9,3,"grosg001",11,64,"1984NYN.EVN.regular.sub.csv",57
"NYN198404290",8,0,"orosj001",1,9,1,"siskd001",1,68,"1984NYN.EVN.regular.sub.csv",58
"NYN198404290",8,0,"maddg001",0,6,11,"hayev001",8,70,"1984NYN.EVN.regular.sub.csv",59
"NYN198404290",8,1,"maddg001",0,6,8,"maddg001",11,72,"1984NYN.EVN.regular.sub.csv",60
"NYN198404290",9,0,"agual001",0,9,11,"grosg001",3,79,"1984NYN.EVN.regular.sub.csv",61
"NYN198405010",6,1,"staur001",1,2,11,"oquej001",6,47,"1984NYN.EVN.regular.sub.csv",62
"NYN198405010",6,1,"gardr001",1,2,12,"staur001",11,48,"1984NYN.EVN.regular.sub.csv",63
"NYN198405010",6,1,"stodt001",0,9,1,"ruthd001",1,51,"1984NYN.EVN.regular.sub.csv",64
"NYN198405010",7,0,"gardr001",1,2,6,"gardr001",12,56,"1984NYN.EVN.regular.sub.csv",65
"NYN198405010",7,0,"hebnr001",0,9,11,"stodt001",1,57,"1984NYN.EVN.regular.sub.csv",66
"NYN198405010",7,1,"noled001",0,3,1,"mattg001",7,62,"1984NYN.EVN.regular.sub.csv",67
"NYN198405010",7,1,"hebnr001",0,9,7,"hebnr001",11,62,"1984NYN.EVN.regular.sub.csv",68
"NYN198405010",8,0,"siskd001",1,9,1,"goodd001",1,67,"1984NYN.EVN.regular.sub.csv",69
"NYN198405010",8,0,"durhl001",0,8,11,"bowal001",6,71,"1984NYN.EVN.regular.sub.csv",70
"NYN198405010",8,1,"veryt001",0,8,6,"durhl001",11,72,"1984NYN.EVN.regular.sub.csv",71
"NYN198405010",9,0,"woodg001",0,3,11,"noled001",1,78,"1984NYN.EVN.regular.sub.csv",72
"NYN198405020",5,1,"hodgr001",1,9,11,"leart001",1,48,"1984NYN.EVN.regular.sub.csv",73
"NYN198405020",6,0,"lynce001",1,9,1,"hodgr001",11,56,"1984NYN.EVN.regular.sub.csv",74
"NYN198405020",6,1,"brusw001",0,9,1,"rainc001",1,60,"1984NYN.EVN.regular.sub.csv",75
"NYN198405020",8,1,"smitl001",0,6,1,"hallm001",9,76,"1984NYN.EVN.regular.sub.csv",76
"NYN198405020",8,1,"woodg001",0,9,9,"brusw001",1,76,"1984NYN.EVN.regular.sub.csv",77
"NYN198405020",9,0,"hebnr001",0,8,11,"bowal001",6,80,"1984NYN.EVN.regular.sub.csv",78
"NYN198405020",9,1,"heepd001",1,9,11,"lynce001",1,82,"1984NYN.EVN.regular.sub.csv",79
"NYN198405020",9,1,"cotth001",0,3,7,"mattg001",7,82,"1984NYN.EVN.regular.sub.csv",80
"NYN198405020",9,1,"veryt001",0,8,6,"hebnr001",11,82,"1984NYN.EVN.regular.sub.csv",81
"NYN198405020",9,1,"staur001",1,2,11,"oquej001",6,84,"1984NYN.EVN.regular.sub.csv",82
"NYN198405020",9,1,"gardr001",1,2,12,"staur001",11,85,"1984NYN.EVN.regular.sub.csv",83
"NYN198405040",9,0,"puhlt001",0,9,11,"knepb001",1,56,"1984NYN.EVN.regular.sub.csv",84
"NYN198405040",9,0,"orosj001",1,9,1,"darlr001",1,57,"1984NYN.EVN.regular.sub.csv",85
"NYN198405040",9,0,"tolmt001",0,2,11,"reync001",6,58,"1984NYN.EVN.regular.sub.csv",86
"NYN198405050",5,0,"puhlt001",0,9,11,"scotm001",1,38,"1984NYN.EVN.regular.sub.csv",87
"NYN198405050",5,1,"lacom001",0,9,1,"puhlt001",11,41,"1984NYN.EVN.regular.sub.csv",88
"NYN198405050",6,0,"lynce001",1,8,1,"fitzm001",2,50,"1984NYN.EVN.regular.sub.csv",89
"NYN198405050",6,0,"hodgr001",1,9,2,"terrw001",1,50,"1984NYN.EVN.regular.sub.csv",90
"NYN198405050",6,0,"spilh001",0,9,11,"lacom001",1,55,"1984NYN.EVN.regular.sub.csv",91
"NYN198405050",6,1,"dawlb001",0,8,1,"bailm001",2,56,"1984NYN.EVN.regular.sub.csv",92
"NYN198405050",6,1,"spilh001",0,9,2,"spilh001",11,56,"1984NYN.EVN.regular.sub.csv",93
"NYN198405050",7,0,"siskd001",1,8,1,"lynce001",1,63,"1984NYN.EVN.regular.sub.csv",94
"NYN198405050",7,1,"joner001",1,3,12,"hernk001",3,65,"1984NYN.EVN.regular.sub.csv",95
"NYN198405050",7,1,"staur001",1,8,11,"siskd001",1,69,"1984NYN.EVN.regular.sub.csv",96
"NYN198405050",8,0,"heepd001",1,3,3,"joner001",12,70,"1984NYN.EVN.regular.sub.csv",97
"NYN198405050",8,0,"orosj001",1,8,1,"staur001",11,70,"1984NYN.EVN.regular.sub.csv",98
"NYN198405050",8,0,"scott001",0,8,12,"dawlb001",1,73,"1984NYN.EVN.regular.sub.csv",99
"NYN198405050",8,1,"smitd001",0,3,1,"cruzj001",7,78,"1984NYN.EVN.regular.sub.csv",100
"NYN198405050",8,1,"scott001",0,8,7,"scott001",12,78,"1984NYN.EVN.regular.sub.csv",101
"NYN198405050",9,0,"tidrd001",1,8,1,"orosj001",1,82,"1984NYN.EVN.regular.sub.csv",102
"NYN198405060",3,0,"swanc001",1,9,1,"goodd001",1,26,"1984NYN.EVN.regular.sub.csv",103
"NYN198405060",5,1,"joner001",1,9,11,"swanc001",1,47,"1984NYN.EVN.regular.sub.csv",104
"NYN198405060",6,0,"tidrd001",1,1,1,"backw001",4,49,"1984NYN.EVN.regular.sub.csv",105
"NYN198405060",6,0,"joner001",1,9,4,"joner001",11,49,"1984NYN.EVN.regular.sub.csv",106
"NYN198405060",7,1,"scott001",0,4,8,"mumpj001",8,63,"1984NYN.EVN.regular.sub.csv",107
"NYN198405060",8,1,"chapk001",1,1,11,"tidrd001",1,73,"1984NYN.EVN.regular.sub.csv",108
"NYN198405060",9,0,"siskd001",1,1,1,"chapk001",11,76,"1984NYN.EVN.regular.sub.csv",109
"NYN198405070",3,0,"lynce001",1,9,1,"leart001",1,30,"1984NYN.EVN.regular.sub.csv",110
"NYN198405070",5,1,"gardr001",1,9,11,"lynce001",1,47,"1984NYN.EVN.regular.sub.csv",111
"NYN198405070",6,0,"swanc001",1,2,1,"oquej001",6,52,"1984NYN.EVN.regular.sub.csv",112
"NYN198405070",6,0,"gardr001",1,9,6,"gardr001",11,52,"1984NYN.EVN.regular.sub.csv",113
"NYN198405070",7,1,"walkd001",0,4,9,"parkd001",9,69,"1984NYN.EVN.regular.sub.csv",114
"NYN198405070",7,1,"krenw001",0,6,5,"concd001",5,69,"1984NYN.EVN.regular.sub.csv",115
"NYN198405070",8,0,"tidrd001",1,1,1,"backw001",4,73,"1984NYN.EVN.regular.sub.csv",116
"NYN198405070",8,0,"chapk001",1,2,4,"swanc001",1,73,"1984NYN.EVN.regular.sub.csv",117
"NYN198405070",8,1,"scheb001",0,7,1,"oestr001",4,79,"1984NYN.EVN.regular.sub.csv",118
"NYN198405070",8,1,"lawlt001",0,9,4,"sotom001",1,79,"1984NYN.EVN.regular.sub.csv",119
"NYN198405070",9,1,"joner001",1,1,11,"tidrd001",1,93,"1984NYN.EVN.regular.sub.csv",120
"NYN198405090",6,1,"dedmj001",0,7,1,"johnr001",5,54,"1984NYN.EVN.regular.sub.csv",121
"NYN198405090",6,1,"roysj001",0,9,5,"mahlr001",1,54,"1984NYN.EVN.regular.sub.csv",122
"NYN198405090",6,1,"staur001",1,9,11,"darlr001",1,55,"1984NYN.EVN.regular.sub.csv",123
"NYN198405090",7,0,"siskd001",1,9,1,"staur001",11,56,"1984NYN.EVN.regular.sub.csv",124
"NYN198405090",8,0,"jorgm001",0,7,11,"dedmj001",1,69,"1984NYN.EVN.regular.sub.csv",125
"NYN198405090",8,1,"forst001",0,7,1,"jorgm001",11,71,"1984NYN.EVN.regular.sub.csv",126
"NYN198405090",8,1,"gardr001",1,1,11,"backw001",4,74,"1984NYN.EVN.regular.sub.csv",127
"NYN198405090",9,0,"gardr001",1,1,4,"gardr001",11,75,"1984NYN.EVN.regular.sub.csv",128
"NYN198405090",9,0,"orosj001",1,9,1,"siskd001",1,77,"1984NYN.EVN.regular.sub.csv",129
"NYN198405090",9,0,"watsb001",0,3,11,"perrg001",7,78,"1984NYN.EVN.regular.sub.csv",130
"NYN198405100",4,1,"heepd001",1,9,11,"terrw001",1,40,"1984NYN.EVN.regular.sub.csv",131
"NYN198405100",5,0,"gaffb001",1,9,1,"heepd001",11,42,"1984NYN.EVN.regular.sub.csv",132
"NYN198405100",6,1,"chapk001",1,9,11,"gaffb001",1,56,"1984NYN.EVN.regular.sub.csv",133
"NYN198405100",6,1,"dedmj001",0,9,1,"barkl001",1,59,"1984NYN.EVN.regular.sub.csv",134
"NYN198405100",7,0,"gormt001",1,1,1,"backw001",4,61,"1984NYN.EVN.regular.sub.csv",135
"NYN198405100",7,0,"chapk001",1,9,4,"chapk001",11,61,"1984NYN.EVN.regular.sub.csv",136
"NYN198405100",8,1,"joner001",1,1,11,"gormt001",1,78,"1984NYN.EVN.regular.sub.csv",137
"NYN198405100",8,1,"staur001",1,2,11,"oquej001",6,80,"1984NYN.EVN.regular.sub.csv",138
"NYN198405100",8,1,"bedrs001",0,9,1,"dedmj001",1,80,"1984NYN.EVN.regular.sub.csv",139
"NYN198405100",8,1,"darlr001",1,2,12,"staur001",11,82,"1984NYN.EVN.regular.sub.csv",140
"NYN198405100",9,0,"joner001",1,1,6,"joner001",11,84,"1984NYN.EVN.regular.sub.csv",141
"NYN198405100",9,0,"siskd001",1,2,1,"darlr001",12,84,"1984NYN.EVN.regular.sub.csv",142
"NYN198405100",9,1,"jorgm001",0,4,3,"chamc001",3,90,"1984NYN.EVN.regular.sub.csv",143
"NYN198405220",7,0,"gormt001",1,9,1,"darlr001",1,55,"1984NYN.EVN.regular.sub.csv",144
"NYN198405220",7,1,"oquej001",1,9,11,"gormt001",1,58,"1984NYN.EVN.regular.sub.csv",145
"NYN198405220",8,0,"gaffb001",1,9,1,"oquej001",11,61,"1984NYN.EVN.regular.sub.csv",146
"NYN198405220",8,1,"pittj001",0,2,4,"younj001",4,65,"1984NYN.EVN.regular.sub.csv",147
"NYN198405220",8,1,"thoms001",0,3,3,"oliva001",3,65,"1984NYN.EVN.regular.sub.csv",148
"NYN198405220",9,1,"backw001",1,9,11,"gaffb001",1,75,"1984NYN.EVN.regular.sub.csv",149
"NYN198405220",9,1,"laveg001",0,9,1,"davim001",1,75,"1984NYN.EVN.regular.sub.csv",150
"NYN198405220",9,1,"martj001",1,2,11,"gardr001",6,77,"1984NYN.EVN.regular.sub.csv",151
"NYN198405240",8,0,"richg001",0,8,11,"lemaj001",6,60,"1984NYN.EVN.regular.sub.csv",152
"NYN198405240",8,1,"pittj001",0,8,6,"richg001",11,61,"1984NYN.EVN.regular.sub.csv",153
"NYN198405240",8,1,"staur001",1,9,11,"terrw001",1,62,"1984NYN.EVN.regular.sub.csv",154
"NYN198405240",8,1,"heepd001",1,2,11,"oquej001",6,64,"1984NYN.EVN.regular.sub.csv",155
"NYN198405240",9,0,"siskd001",1,2,1,"heepd001",11,66,"1984NYN.EVN.regular.sub.csv",156
"NYN198405240",9,0,"gardr001",1,9,6,"staur001",11,66,"1984NYN.EVN.regular.sub.csv",157
"NYN198405240",9,1,"kuipd001",0,2,4,"younj001",4,69,"1984NYN.EVN.regular.sub.csv",158
"NYN198405250",6,1,"landr001",0,1,4,"sax-s001",4,40,"1984NYN.EVN.regular.sub.csv",159
"NYN198405250",8,0,"mondr001",0,9,11,"honer001",1,53,"1984NYN.EVN.regular.sub.csv",160
"NYN198405250",8,1,"zachp001",0,9,1,"mondr001",11,56,"1984NYN.EVN.regular.sub.csv",161
"NYN198405250",9,0,"milll001",0,4,11,"stubf001",3,63,"1984NYN.EVN.regular.sub.csv",162
"NYN198405250",9,0,"orosj001",1,9,1,"goodd001",1,63,"1984NYN.EVN.regular.sub.csv",163
"NYN198405250",9,0,"yeags001",0,5,11,"sciom001",2,64,"1984NYN.EVN.regular.sub.csv",164
"NYN198405250",9,0,"moraj001",0,6,11,"whitt001",7,65,"1984NYN.EVN.regular.sub.csv",165
"NYN198405250",9,0,"anded001",0,6,12,"moraj001",11,66,"1984NYN.EVN.regular.sub.csv",166
"NYN198405260",5,0,"leart001",1,9,1,"lynce001",1,33,"1984NYN.EVN.regular.sub.csv",167
"NYN198405260",7,1,"chapk001",1,7,12,"hodgr001",2,54,"1984NYN.EVN.regular.sub.csv",168
"NYN198405260",7,1,"heepd001",1,8,11,"oquej001",6,54,"1984NYN.EVN.regular.sub.csv",169
"NYN198405260",7,1,"niedt001",0,9,1,"herso001",1,54,"1984NYN.EVN.regular.sub.csv",170
"NYN198405260",7,1,"staur001",1,9,11,"leart001",1,56,"1984NYN.EVN.regular.sub.csv",171
"NYN198405260",7,1,"gardr001",1,9,12,"staur001",11,57,"1984NYN.EVN.regular.sub.csv",172
"NYN198405260",8,0,"milll001",0,3,11,"landk001",8,59,"1984NYN.EVN.regular.sub.csv",173
"NYN198405260",8,0,"ortij001",1,7,2,"chapk001",12,59,"1984NYN.EVN.regular.sub.csv",174
"NYN198405260",8,0,"orosj001",1,8,1,"heepd001",11,59,"1984NYN.EVN.regular.sub.csv",175
"NYN198405260",8,0,"gardr001",1,9,6,"gardr001",12,59,"1984NYN.EVN.regular.sub.csv",176
"NYN198405260",8,1,"reynr001",0,2,8,"reynr001",9,62,"1984NYN.EVN.regular.sub.csv",177
"NYN198405260",8,1,"milll001",0,3,7,"milll001",11,62,"1984NYN.EVN.regular.sub.csv",178
"NYN198405260",8,1,"whitt001",0,7,9,"whitt001",7,62,"1984NYN.EVN.regular.sub.csv",179
"NYN198405260",8,1,"diazc001",0,9,1,"niedt001",1,64,"1984NYN.EVN.regular.sub.csv",180
"NYN198405260",9,0,"sax-s001",0,6,11,"sciom001",2,67,"1984NYN.EVN.regular.sub.csv",181
"NYN198405260",9,0,"moraj001",0,7,11,"whitt001",9,68,"1984NYN.EVN.regular.sub.csv",182
"NYN198405260",9,0,"yeags001",0,9,11,"diazc001",1,70,"1984NYN.EVN.regular.sub.csv",183
"NYN198405270",4,1,"whitt001",0,5,7,"mondr001",7,29,"1984NYN.EVN.regular.sub.csv",184
"NYN198405270",5,1,"staur001",1,9,11,"torrm001",1,39,"1984NYN.EVN.regular.sub.csv",185
"NYN198405270",5,1,"oquej001",1,9,12,"staur001",11,40,"1984NYN.EVN.regular.sub.csv",186
"NYN198405270",6,0,"maldc001",0,5,11,"whitt001",7,41,"1984NYN.EVN.regular.sub.csv",187
"NYN198405270",6,0,"gormt001",1,9,1,"oquej001",12,41,"1984NYN.EVN.regular.sub.csv",188
"NYN198405270",6,1,"reynr001",0,1,7,"reynr001",9,44,"1984NYN.EVN.regular.sub.csv",189
"NYN198405270",6,1,"maldc001",0,5,9,"maldc001",11,44,"1984NYN.EVN.regular.sub.csv",190
"NYN198405270",6,1,"zachp001",0,7,1,"bailb001",4,48,"1984NYN.EVN.regular.sub.csv",191
"NYN198405270",6,1,"landr001",0,9,4,"welcb001",1,48,"1984NYN.EVN.regular.sub.csv",192
"NYN198405270",7,1,"wilsm001",1,9,11,"gormt001",1,55,"1984NYN.EVN.regular.sub.csv",193
"NYN198405270",7,1,"martj001",1,2,11,"heepd001",9,57,"1984NYN.EVN.regular.sub.csv",194
"NYN198405270",7,1,"diazc001",0,7,1,"zachp001",1,57,"1984NYN.EVN.regular.sub.csv",195
"NYN198405270",8,0,"siskd001",1,2,1,"martj001",11,61,"1984NYN.EVN.regular.sub.csv",196
"NYN198405270",8,0,"strad001",1,5,9,"strad001",8,61,"1984NYN.EVN.regular.sub.csv",197
"NYN198405270",8,0,"wilsm001",1,9,8,"wilsm001",11,61,"1984NYN.EVN.regular.sub.csv",198
"NYN198405270",8,1,"hootb001",0,5,1,"maldc001",9,67,"1984NYN.EVN.regular.sub.csv",199
"NYN198405270",8,1,"milll001",0,7,9,"diazc001",1,67,"1984NYN.EVN.regular.sub.csv",200
"NYN198405280",7,0,"gaffb001",1,6,1,"brooh001",5,52,"1984NYN.EVN.regular.sub.csv",201
"NYN198405280",7,0,"gardr001",1,8,5,"gardr001",6,52,"1984NYN.EVN.regular.sub.csv",202
"NYN198405280",7,0,"oquej001",1,9,6,"darlr001",1,52,"1984NYN.EVN.regular.sub.csv",203
"NYN198405280",8,1,"gossr001",0,9,1,"showe001",1,66,"1984NYN.EVN.regular.sub.csv",204
"NYN198405280",9,1,"staur001",1,6,11,"gaffb001",1,73,"1984NYN.EVN.regular.sub.csv",205
"NYN198405280",9,1,"chapk001",1,6,12,"staur001",11,74,"1984NYN.EVN.regular.sub.csv",206
"NYN198405280",9,1,"heepd001",1,9,11,"oquej001",6,76,"1984NYN.EVN.regular.sub.csv",207
"NYN198405310",5,1,"hodgr001",1,9,11,"terrw001",1,44,"1984NYN.EVN.regular.sub.csv",208
"NYN198405310",6,0,"braus001",0,9,11,"forsb001",1,47,"1984NYN.EVN.regular.sub.csv",209
"NYN198405310",6,0,"leart001",1,9,1,"hodgr001",11,47,"1984NYN.EVN.regular.sub.csv",210
"NYN198405310",6,1,"allen001",0,9,1,"braus001",11,50,"1984NYN.EVN.regular.sub.csv",211
"NYN198405310",7,1,"heepd001",1,9,11,"leart001",1,59,"1984NYN.EVN.regular.sub.csv",212
"NYN198405310",8,0,"gormt001",1,9,1,"heepd001",11,60,"1984NYN.EVN.regular.sub.csv",213
"NYN198405310",8,1,"suttb001",0,9,1,"allen001",1,68,"1984NYN.EVN.regular.sub.csv",214
"NYN198405310",9,1,"landt001",0,1,7,"smitl002",7,75,"1984NYN.EVN.regular.sub.csv",215
"NYN198405310",9,1,"staur001",1,9,11,"gormt001",1,77,"1984NYN.EVN.regular.sub.csv",216
"NYN198406010",7,1,"staur001",1,8,11,"oquej001",6,60,"1984NYN.EVN.regular.sub.csv",217
"NYN198406010",7,1,"chapk001",1,8,12,"staur001",11,61,"1984NYN.EVN.regular.sub.csv",218
"NYN198406010",7,1,"heepd001",1,9,11,"goodd001",1,61,"1984NYN.EVN.regular.sub.csv",219
"NYN198406010",8,0,"backw001",1,1,6,"backw001",4,62,"1984NYN.EVN.regular.sub.csv",220
"NYN198406010",8,0,"chapk001",1,8,4,"chapk001",12,62,"1984NYN.EVN.regular.sub.csv",221
"NYN198406010",8,0,"orosj001",1,9,1,"heepd001",11,62,"1984NYN.EVN.regular.sub.csv",222
"NYN198406010",9,0,"howea001",0,7,11,"oberk001",5,70,"1984NYN.EVN.regular.sub.csv",223
"NYN198406010",9,0,"landt001",0,9,11,"anduj001",1,72,"1984NYN.EVN.regular.sub.csv",224
"NYN198406010",9,1,"lahtj001",0,1,1,"smitl002",7,79,"1984NYN.EVN.regular.sub.csv",225
"NYN198406010",9,1,"howea001",0,7,5,"howea001",11,79,"1984NYN.EVN.regular.sub.csv",226
"NYN198406010",9,1,"landt001",0,9,7,"landt001",11,79,"1984NYN.EVN.regular.sub.csv",227
"NYN198406020",5,1,"hortr001",0,9,1,"cox-d001",1,44,"1984NYN.EVN.regular.sub.csv",228
"NYN198406020",7,0,"rajsg001",0,9,11,"hortr001",1,55,"1984NYN.EVN.regular.sub.csv",229
"NYN198406020",7,1,"ruckd001",0,9,1,"rajsg001",11,57,"1984NYN.EVN.regular.sub.csv",230
"NYN198406020",8,0,"siskd001",1,9,1,"lynce001",1,62,"1984NYN.EVN.regular.sub.csv",231
"NYN198406020",8,1,"martj001",1,6,11,"heepd001",7,68,"1984NYN.EVN.regular.sub.csv",232
"NYN198406020",9,0,"martj001",1,6,7,"martj001",11,72,"1984NYN.EVN.regular.sub.csv",233
"NYN198406020",9,0,"braus001",0,9,11,"ruckd001",1,73,"1984NYN.EVN.regular.sub.csv",234
"NYN198406030",8,1,"fostg001",1,9,11,"torrm001",1,59,"1984NYN.EVN.regular.sub.csv",235
"NYN198406030",8,1,"darlr001",1,9,12,"fostg001",11,60,"1984NYN.EVN.regular.sub.csv",236
"NYN198406030",9,0,"orosj001",1,9,1,"darlr001",12,62,"1984NYN.EVN.regular.sub.csv",237
"NYN198406110",8,0,"frobd001",0,9,11,"rhodr001",1,55,"1984NYN.EVN.regular.sub.csv",238
"NYN198406110",8,0,"orosj001",1,9,1,"goodd001",1,58,"1984NYN.EVN.regular.sub.csv",239
"NYN198406110",8,1,"guanc001",0,2,1,"mazzl001",7,59,"1984NYN.EVN.regular.sub.csv",240
"NYN198406110",8,1,"distb001",0,6,7,"distb001",9,59,"1984NYN.EVN.regular.sub.csv",241
"NYN198406110",8,1,"frobd001",0,9,9,"frobd001",11,59,"1984NYN.EVN.regular.sub.csv",242
"NYN198406110",9,0,"lacyl001",0,6,11,"distb001",7,64,"1984NYN.EVN.regular.sub.csv",243
"NYN198406110",9,0,"madlb001",0,8,11,"berrd001",6,66,"1984NYN.EVN.regular.sub.csv",244
"NYN198406120",1,0,"gaffb001",1,9,1,"leart001",1,9,"1984NYN.EVN.regular.sub.csv",245
"NYN198406120",2,0,"frobd001",0,4,11,"thomj001",3,15,"1984NYN.EVN.regular.sub.csv",246
"NYN198406120",2,1,"frobd001",0,4,9,"frobd001",11,16,"1984NYN.EVN.regular.sub.csv",247
"NYN198406120",2,1,"distb001",0,6,3,"distb001",9,16,"1984NYN.EVN.regular.sub.csv",248
"NYN198406120",5,1,"backw001",1,9,11,"gaffb001",1,42,"1984NYN.EVN.regular.sub.csv",249
"NYN198406120",6,0,"gormt001",1,9,1,"backw001",11,43,"1984NYN.EVN.regular.sub.csv",250
"NYN198406120",6,0,"lacyl001",0,2,11,"mazzl001",7,46,"1984NYN.EVN.regular.sub.csv",251
"NYN198406120",6,1,"lacyl001",0,2,7,"lacyl001",11,47,"1984NYN.EVN.regular.sub.csv",252
"NYN198406120",8,1,"ortij001",1,9,11,"gormt001",1,62,"1984NYN.EVN.regular.sub.csv",253
"NYN198406120",9,0,"torrm001",1,9,1,"ortij001",11,65,"1984NYN.EVN.regular.sub.csv",254
"NYN198406120",9,1,"scurr001",0,9,1,"mcwil001",1,75,"1984NYN.EVN.regular.sub.csv",255
"NYN198406130",7,0,"siskd001",1,9,1,"lynce001",1,42,"1984NYN.EVN.regular.sub.csv",256
"NYN198406130",7,0,"frobd001",0,4,12,"thomj001",3,45,"1984NYN.EVN.regular.sub.csv",257
"NYN198406130",7,1,"frobd001",0,4,9,"frobd001",12,48,"1984NYN.EVN.regular.sub.csv",258
"NYN198406130",7,1,"distb001",0,6,3,"distb001",9,48,"1984NYN.EVN.regular.sub.csv",259
"NYN198406130",7,1,"staur001",1,1,11,"backw001",4,54,"1984NYN.EVN.regular.sub.csv",260
"NYN198406130",7,1,"guanc001",0,9,1,"tunnl001",1,54,"1984NYN.EVN.regular.sub.csv",261
"NYN198406130",8,0,"chapk001",1,1,4,"staur001",11,55,"1984NYN.EVN.regular.sub.csv",262
"NYN198406130",8,0,"morrj002",0,9,11,"guanc001",1,56,"1984NYN.EVN.regular.sub.csv",263
"NYN198406130",8,1,"scurr001",0,9,1,"morrj002",11,58,"1984NYN.EVN.regular.sub.csv",264
"NYN198406130",8,1,"martj001",1,5,11,"heepd001",9,62,"1984NYN.EVN.regular.sub.csv",265
"NYN198406130",9,0,"martj001",1,5,9,"martj001",11,63,"1984NYN.EVN.regular.sub.csv",266
"NYN198406190",6,1,"chapk001",1,9,11,"lynce001",1,46,"1984NYN.EVN.regular.sub.csv",267
"NYN198406190",7,0,"leart001",1,9,1,"chapk001",11,52,"1984NYN.EVN.regular.sub.csv",268
"NYN198406190",8,0,"grosg001",0,9,11,"koosj001",1,61,"1984NYN.EVN.regular.sub.csv",269
"NYN198406190",8,1,"backw001",1,9,11,"leart001",1,64,"1984NYN.EVN.regular.sub.csv",270
"NYN198406190",8,1,"wilsg001",0,2,7,"stonj001",7,64,"1984NYN.EVN.regular.sub.csv",271
"NYN198406190",8,1,"holla001",0,9,1,"grosg001",11,64,"1984NYN.EVN.regular.sub.csv",272
"NYN198406190",9,0,"gormt001",1,9,1,"backw001",11,68,"1984NYN.EVN.regular.sub.csv",273
"NYN198406190",9,1,"lezcs001",0,2,9,"wilsg001",7,72,"1984NYN.EVN.regular.sub.csv",274
"NYN198406190",9,1,"hayev001",0,3,7,"hayev001",9,72,"1984NYN.EVN.regular.sub.csv",275
"NYN198406200",7,0,"siskd001",1,9,1,"darlr001",1,65,"1984NYN.EVN.regular.sub.csv",276
"NYN198406200",8,0,"grosg001",0,9,11,"carls001",1,73,"1984NYN.EVN.regular.sub.csv",277
"NYN198406200",8,1,"campb001",0,2,1,"stonj001",7,76,"1984NYN.EVN.regular.sub.csv",278
"NYN198406200",8,1,"grosg001",0,9,7,"grosg001",11,76,"1984NYN.EVN.regular.sub.csv",279
"NYN198406210",5,1,"andel001",0,9,1,"hudsc001",1,49,"1984NYN.EVN.regular.sub.csv",280
"NYN198406210",7,0,"agual001",0,9,11,"andel001",1,59,"1984NYN.EVN.regular.sub.csv",281
"NYN198406210",7,0,"martj001",1,4,9,"strad001",9,62,"1984NYN.EVN.regular.sub.csv",282
"NYN198406210",7,0,"orosj001",1,9,1,"terrw001",1,62,"1984NYN.EVN.regular.sub.csv",283
"NYN198406210",7,0,"wockj001",0,5,11,"corct001",3,64,"1984NYN.EVN.regular.sub.csv",284
"NYN198406210",7,0,"garck001",0,9,11,"agual001",11,68,"1984NYN.EVN.regular.sub.csv",285
"NYN198406210",7,1,"wockj001",0,5,3,"wockj001",11,70,"1984NYN.EVN.regular.sub.csv",286
"NYN198406210",7,1,"campb001",0,9,1,"garck001",11,70,"1984NYN.EVN.regular.sub.csv",287
"NYN198406210",7,1,"fostg001",1,8,11,"oquej001",6,73,"1984NYN.EVN.regular.sub.csv",288
"NYN198406210",7,1,"staur001",1,9,11,"orosj001",1,74,"1984NYN.EVN.regular.sub.csv",289
"NYN198406210",7,1,"gardr001",1,9,12,"staur001",11,75,"1984NYN.EVN.regular.sub.csv",290
"NYN198406210",7,1,"kernj001",0,9,1,"campb001",1,75,"1984NYN.EVN.regular.sub.csv",291
"NYN198406210",8,0,"siskd001",1,8,1,"fostg001",11,78,"1984NYN.EVN.regular.sub.csv",292
"NYN198406210",8,0,"gardr001",1,9,6,"gardr001",12,78,"1984NYN.EVN.regular.sub.csv",293
"NYN198406220",6,1,"thomd001",0,5,7,"stenm001",7,45,"1984NYN.EVN.regular.sub.csv",294
"NYN198406220",7,1,"heepd001",1,8,11,"oquej001",6,52,"1984NYN.EVN.regular.sub.csv",295
"NYN198406220",8,0,"gardr001",1,8,6,"heepd001",11,54,"1984NYN.EVN.regular.sub.csv",296
"NYN198406220",8,1,"johnr002",0,2,3,"rosep001",3,57,"1984NYN.EVN.regular.sub.csv",297
"NYN198406220",9,1,"staur001",1,7,11,"fitzm001",2,68,"1984NYN.EVN.regular.sub.csv",298
"NYN198406220",9,1,"martj001",1,7,11,"staur001",11,68,"1984NYN.EVN.regular.sub.csv",299
"NYN198406220",9,1,"lucag001",0,9,1,"gullb001",1,68,"1984NYN.EVN.regular.sub.csv",300
"NYN198406230",8,0,"dilom001",0,9,11,"lea-c001",1,54,"1984NYN.EVN.regular.sub.csv",301
"NYN198406230",8,0,"siskd001",1,8,1,"gardr001",6,54,"1984NYN.EVN.regular.sub.csv",302
"NYN198406230",8,0,"oquej001",1,9,6,"bereb001",1,54,"1984NYN.EVN.regular.sub.csv",303
"NYN198406230",8,1,"jameb001",0,9,1,"dilom001",11,57,"1984NYN.EVN.regular.sub.csv",304
"NYN198406240",5,1,"chapk001",1,9,11,"lynce001",1,41,"1984NYN.EVN.regular.sub.csv",305
"NYN198406240",6,0,"gaffb001",1,9,1,"chapk001",11,44,"1984NYN.EVN.regular.sub.csv",306
"NYN198406240",7,1,"fostg001",1,9,11,"gaffb001",1,60,"1984NYN.EVN.regular.sub.csv",307
"NYN198406240",7,1,"jameb001",0,9,1,"smitb001",1,60,"1984NYN.EVN.regular.sub.csv",308
"NYN198406240",8,0,"gormt001",1,9,1,"fostg001",11,62,"1984NYN.EVN.regular.sub.csv",309
"NYN198406240",9,1,"staur001",1,9,11,"gormt001",1,77,"1984NYN.EVN.regular.sub.csv",310
"NYN198406240",9,1,"lucag001",0,9,1,"jameb001",1,77,"1984NYN.EVN.regular.sub.csv",311
"NYN198406280",4,1,"staur001",1,7,11,"gardr001",5,37,"1984NYN.EVN.regular.sub.csv",312
"NYN198406280",5,0,"chapk001",1,7,5,"staur001",11,39,"1984NYN.EVN.regular.sub.csv",313
"NYN198406280",5,0,"gormt001",1,9,1,"bereb001",1,41,"1984NYN.EVN.regular.sub.csv",314
"NYN198406280",5,1,"martj001",1,9,11,"gormt001",1,47,"1984NYN.EVN.regular.sub.csv",315
"NYN198406280",6,0,"gaffb001",1,9,1,"martj001",11,52,"1984NYN.EVN.regular.sub.csv",316
"NYN198406280",7,1,"halla001",0,3,7,"perrg001",7,64,"1984NYN.EVN.regular.sub.csv",317
"NYN198406280",7,1,"ortij001",1,9,11,"gaffb001",1,65,"1984NYN.EVN.regular.sub.csv",318
"NYN198406280",8,0,"leart001",1,9,1,"ortij001",11,67,"1984NYN.EVN.regular.sub.csv",319
"NYN198406280",9,1,"strad001",1,9,11,"leart001",1,81,"1984NYN.EVN.regular.sub.csv",320
"NYN198406280",9,1,"dedmj001",0,9,1,"mcmuc001",1,81,"1984NYN.EVN.regular.sub.csv",321
"NYN198406290",4,0,"gaffb001",1,9,1,"lynce001",1,37,"1984NYN.EVN.regular.sub.csv",322
"NYN198406290",5,1,"hodgr001",1,9,11,"gaffb001",1,47,"1984NYN.EVN.regular.sub.csv",323
"NYN198406290",6,0,"gormt001",1,9,1,"hodgr001",11,54,"1984NYN.EVN.regular.sub.csv",324
"NYN198406290",7,0,"siskd001",1,8,1,"oquej001",6,62,"1984NYN.EVN.regular.sub.csv",325
"NYN198406290",7,0,"gardr001",1,9,6,"gormt001",1,62,"1984NYN.EVN.regular.sub.csv",326
"NYN198406290",8,1,"perrg001",0,3,3,"perrg001",7,74,"1984NYN.EVN.regular.sub.csv",327
"NYN198406290",8,1,"moord001",0,5,1,"chamc001",3,74,"1984NYN.EVN.regular.sub.csv",328
"NYN198406290",8,1,"halla001",0,9,7,"bedrs001",1,74,"1984NYN.EVN.regular.sub.csv",329
"NYN198406290",9,1,"heepd001",1,8,11,"siskd001",1,83,"1984NYN.EVN.regular.sub.csv",330
"NYN198406290",9,1,"staur001",1,9,11,"gardr001",6,84,"1984NYN.EVN.regular.sub.csv",331
"NYN198407011",7,1,"staur001",1,9,11,"darlr001",1,53,"1984NYN.EVN.regular.sub.csv",332
"NYN198407011",8,0,"orosj001",1,9,1,"staur001",11,59,"1984NYN.EVN.regular.sub.csv",333
"NYN198407011",8,0,"johnr001",0,2,11,"oberk001",5,60,"1984NYN.EVN.regular.sub.csv",334
"NYN198407011",8,0,"watsb001",0,5,11,"chamc001",3,63,"1984NYN.EVN.regular.sub.csv",335
"NYN198407011",8,0,"halla001",0,5,12,"watsb001",11,64,"1984NYN.EVN.regular.sub.csv",336
"NYN198407011",8,1,"johnr001",0,2,5,"johnr001",11,65,"1984NYN.EVN.regular.sub.csv",337
"NYN198407011",8,1,"perrg001",0,3,3,"perrg001",7,65,"1984NYN.EVN.regular.sub.csv",338
"NYN198407011",8,1,"halla001",0,5,7,"halla001",12,65,"1984NYN.EVN.regular.sub.csv",339
"NYN198407011",9,0,"linar001",0,9,11,"mahlr001",1,70,"1984NYN.EVN.regular.sub.csv",340
"NYN198407012",2,1,"falcp001",0,9,1,"campr001",1,14,"1984NYN.EVN.regular.sub.csv",341
"NYN198407012",3,0,"leart001",1,9,1,"terrw001",1,19,"1984NYN.EVN.regular.sub.csv",342
"NYN198407012",7,0,"roysj001",0,9,11,"falcp001",1,56,"1984NYN.EVN.regular.sub.csv",343
"NYN198407012",7,1,"heepd001",1,9,11,"leart001",1,59,"1984NYN.EVN.regular.sub.csv",344
"NYN198407012",7,1,"dedmj001",0,9,1,"roysj001",11,59,"1984NYN.EVN.regular.sub.csv",345
"NYN198407012",7,1,"oquej001",1,9,12,"heepd001",11,60,"1984NYN.EVN.regular.sub.csv",346
"NYN198407012",7,1,"staur001",1,2,11,"chapk001",4,61,"1984NYN.EVN.regular.sub.csv",347
"NYN198407012",8,0,"siskd001",1,2,1,"staur001",11,65,"1984NYN.EVN.regular.sub.csv",348
"NYN198407012",8,0,"gardr001",1,7,4,"gardr001",6,65,"1984NYN.EVN.regular.sub.csv",349
"NYN198407012",8,0,"oquej001",1,9,6,"oquej001",12,65,"1984NYN.EVN.regular.sub.csv",350
"NYN198407012",9,0,"chamc001",0,9,11,"dedmj001",1,75,"1984NYN.EVN.regular.sub.csv",351
"NYN198407020",5,1,"ruhlv001",0,9,1,"scotm001",1,41,"1984NYN.EVN.regular.sub.csv",352
"NYN198407020",8,0,"bassk001",0,9,11,"ruhlv001",1,59,"1984NYN.EVN.regular.sub.csv",353
"NYN198407020",8,1,"dipif001",0,9,1,"bassk001",11,63,"1984NYN.EVN.regular.sub.csv",354
"NYN198407020",9,0,"pankj001",0,7,11,"puhlt001",9,69,"1984NYN.EVN.regular.sub.csv",355
"NYN198407020",9,0,"orosj001",1,9,1,"goodd001",1,69,"1984NYN.EVN.regular.sub.csv",356
"NYN198407020",9,0,"knigr001",0,8,11,"bailm001",2,70,"1984NYN.EVN.regular.sub.csv",357
"NYN198407030",6,1,"dawlb001",0,7,1,"puhlt001",9,50,"1984NYN.EVN.regular.sub.csv",358
"NYN198407030",6,1,"bassk001",0,9,9,"ryann001",1,50,"1984NYN.EVN.regular.sub.csv",359
"NYN198407030",7,0,"gormt001",1,9,1,"bereb001",1,54,"1984NYN.EVN.regular.sub.csv",360
"NYN198407030",7,1,"staur001",1,9,11,"gormt001",1,58,"1984NYN.EVN.regular.sub.csv",361
"NYN198407030",8,0,"orosj001",1,9,1,"staur001",11,60,"1984NYN.EVN.regular.sub.csv",362
"NYN198407030",8,0,"garnp001",0,6,11,"spilh001",3,63,"1984NYN.EVN.regular.sub.csv",363
"NYN198407030",8,1,"walld001",0,3,3,"walld001",5,64,"1984NYN.EVN.regular.sub.csv",364
"NYN198407030",8,1,"garnp001",0,6,5,"garnp001",11,64,"1984NYN.EVN.regular.sub.csv",365
"NYN198407030",8,1,"wilsm001",1,2,12,"heepd001",9,65,"1984NYN.EVN.regular.sub.csv",366
"NYN198407030",8,1,"dipif001",0,7,1,"dawlb001",1,65,"1984NYN.EVN.regular.sub.csv",367
"NYN198407030",9,0,"pankj001",0,7,11,"dipif001",1,67,"1984NYN.EVN.regular.sub.csv",368
"NYN198407030",9,0,"wilsm001",1,2,8,"wilsm001",12,67,"1984NYN.EVN.regular.sub.csv",369
"NYN198407030",9,0,"strad001",1,4,9,"strad001",8,67,"1984NYN.EVN.regular.sub.csv",370
"NYN198407030",9,0,"knigr001",0,8,11,"bailm001",2,68,"1984NYN.EVN.regular.sub.csv",371
"NYN198407040",3,1,"backw001",1,9,11,"lynce001",1,23,"1984NYN.EVN.regular.sub.csv",372
"NYN198407040",4,0,"gormt001",1,9,1,"backw001",11,30,"1984NYN.EVN.regular.sub.csv",373
"NYN198407040",4,1,"ortij001",1,9,11,"gormt001",1,38,"1984NYN.EVN.regular.sub.csv",374
"NYN198407040",5,0,"gaffb001",1,9,1,"ortij001",11,40,"1984NYN.EVN.regular.sub.csv",375
"NYN198407040",7,1,"heepd001",1,9,11,"gaffb001",1,58,"1984NYN.EVN.regular.sub.csv",376
"NYN198407040",7,1,"walld001",0,3,7,"walld001",5,58,"1984NYN.EVN.regular.sub.csv",377
"NYN198407040",7,1,"smitd001",0,4,1,"cruzj001",7,58,"1984NYN.EVN.regular.sub.csv",378
"NYN198407040",7,1,"knigr001",0,9,5,"knepb001",1,58,"1984NYN.EVN.regular.sub.csv",379
"NYN198407040",8,0,"siskd001",1,4,1,"fostg001",7,63,"1984NYN.EVN.regular.sub.csv",380
"NYN198407040",8,0,"heepd001",1,9,7,"heepd001",11,63,"1984NYN.EVN.regular.sub.csv",381
"NYN198407040",9,1,"staur001",1,4,11,"siskd001",1,84,"1984NYN.EVN.regular.sub.csv",382
"NYN198407050",6,1,"martj001",1,9,11,"terrw001",1,56,"1984NYN.EVN.regular.sub.csv",383
"NYN198407050",7,0,"siskd001",1,9,1,"martj001",11,58,"1984NYN.EVN.regular.sub.csv",384
"NYN198407050",8,0,"lawlt001",0,7,12,"esasn001",5,68,"1984NYN.EVN.regular.sub.csv",385
"NYN198407050",8,1,"scheb001",0,7,1,"lawlt001",12,69,"1984NYN.EVN.regular.sub.csv",386
"NYN198407050",8,1,"krenw001",0,9,5,"pricj001",1,69,"1984NYN.EVN.regular.sub.csv",387
"NYN198407050",9,0,"dried001",0,1,11,"davie001",8,76,"1984NYN.EVN.regular.sub.csv",388
"NYN198407061",8,0,"dried001",0,9,11,"russj001",1,59,"1984NYN.EVN.regular.sub.csv",389
"NYN198407061",8,1,"franj001",0,9,1,"dried001",11,61,"1984NYN.EVN.regular.sub.csv",390
"NYN198407062",3,0,"gaffb001",1,9,1,"leart001",1,25,"1984NYN.EVN.regular.sub.csv",391
"NYN198407062",4,1,"staur001",1,9,11,"gaffb001",1,40,"1984NYN.EVN.regular.sub.csv",392
"NYN198407062",4,1,"chapk001",1,1,11,"backw001",4,41,"1984NYN.EVN.regular.sub.csv",393
"NYN198407062",4,1,"darlr001",1,9,12,"staur001",11,41,"1984NYN.EVN.regular.sub.csv",394
"NYN198407062",4,1,"scheb001",0,9,1,"humet001",1,41,"1984NYN.EVN.regular.sub.csv",395
"NYN198407062",5,0,"chapk001",1,1,4,"chapk001",11,44,"1984NYN.EVN.regular.sub.csv",396
"NYN198407062",5,0,"gormt001",1,9,1,"darlr001",12,44,"1984NYN.EVN.regular.sub.csv",397
"NYN198407062",6,0,"peret001",0,9,11,"scheb001",1,53,"1984NYN.EVN.regular.sub.csv",398
"NYN198407062",6,1,"franj001",0,9,1,"peret001",11,54,"1984NYN.EVN.regular.sub.csv",399
"NYN198407062",8,0,"orosj001",1,9,1,"gormt001",1,63,"1984NYN.EVN.regular.sub.csv",400
"NYN198407062",8,1,"powet001",0,6,1,"walkd001",7,66,"1984NYN.EVN.regular.sub.csv",401
"NYN198407062",8,1,"cedec001",0,9,7,"franj001",1,66,"1984NYN.EVN.regular.sub.csv",402
"NYN198407062",9,0,"concd001",0,8,11,"folet001",6,71,"1984NYN.EVN.regular.sub.csv",403
"NYN198407062",9,1,"concd001",0,8,6,"concd001",11,73,"1984NYN.EVN.regular.sub.csv",404
"NYN198407062",9,1,"oquej001",1,8,12,"ortij001",2,74,"1984NYN.EVN.regular.sub.csv",405
"NYN198407070",4,1,"staur001",1,8,11,"gardr001",6,36,"1984NYN.EVN.regular.sub.csv",406
"NYN198407070",4,1,"pastf001",0,9,1,"sotom001",1,40,"1984NYN.EVN.regular.sub.csv",407
"NYN198407070",5,0,"oquej001",1,8,6,"staur001",11,43,"1984NYN.EVN.regular.sub.csv",408
"NYN198407070",5,1,"owchb001",0,7,1,"oestr001",4,55,"1984NYN.EVN.regular.sub.csv",409
"NYN198407070",5,1,"lawlt001",0,9,4,"pastf001",1,55,"1984NYN.EVN.regular.sub.csv",410
"NYN198407070",6,1,"martj001",1,9,11,"goodd001",1,66,"1984NYN.EVN.regular.sub.csv",411
"NYN198407070",7,0,"ortij001",1,2,2,"wilsm001",8,68,"1984NYN.EVN.regular.sub.csv",412
"NYN198407070",7,0,"strad001",1,4,8,"strad001",9,68,"1984NYN.EVN.regular.sub.csv",413
"NYN198407070",7,0,"lynce001",1,7,1,"fitzm001",2,68,"1984NYN.EVN.regular.sub.csv",414
"NYN198407070",7,0,"martj001",1,9,9,"martj001",11,68,"1984NYN.EVN.regular.sub.csv",415
"NYN198407070",7,1,"walkd001",0,2,9,"walkd001",8,71,"1984NYN.EVN.regular.sub.csv",416
"NYN198407070",7,1,"davie001",0,4,8,"parkd001",9,71,"1984NYN.EVN.regular.sub.csv",417
"NYN198407070",9,0,"esasn001",0,7,11,"owchb001",1,90,"1984NYN.EVN.regular.sub.csv",418
"NYN198407080",4,1,"scheb001",0,8,1,"bilad001",2,37,"1984NYN.EVN.regular.sub.csv",419
"NYN198407080",4,1,"guldb001",0,9,2,"pulec001",1,37,"1984NYN.EVN.regular.sub.csv",420
"NYN198407080",7,0,"krenw001",0,8,11,"scheb001",1,57,"1984NYN.EVN.regular.sub.csv",421
"NYN198407080",7,1,"powet001",0,8,1,"krenw001",11,58,"1984NYN.EVN.regular.sub.csv",422
"NYN198407080",8,0,"orosj001",1,9,1,"bereb001",1,70,"1984NYN.EVN.regular.sub.csv",423
"NYN198407080",9,0,"lawlt001",0,8,11,"powet001",1,76,"1984NYN.EVN.regular.sub.csv",424
"NYN198407080",9,0,"peret001",0,2,11,"folet001",6,79,"1984NYN.EVN.regular.sub.csv",425
"NYN198407230",7,0,"braus001",0,9,11,"hortr001",1,52,"1984NYN.EVN.regular.sub.csv",426
"NYN198407230",7,1,"lahtj001",0,1,1,"smitl002",7,54,"1984NYN.EVN.regular.sub.csv",427
"NYN198407230",7,1,"braus001",0,9,7,"braus001",11,54,"1984NYN.EVN.regular.sub.csv",428
"NYN198407230",8,0,"orosj001",1,9,1,"terrw001",1,59,"1984NYN.EVN.regular.sub.csv",429
"NYN198407230",8,1,"ruckd001",0,1,1,"lahtj001",1,67,"1984NYN.EVN.regular.sub.csv",430
"NYN198407230",9,0,"landt001",0,6,11,"vansa001",8,68,"1984NYN.EVN.regular.sub.csv",431
"NYN198407230",9,1,"lyonb001",0,1,6,"ruckd001",1,71,"1984NYN.EVN.regular.sub.csv",432
"NYN198407230",9,1,"landt001",0,6,8,"landt001",11,71,"1984NYN.EVN.regular.sub.csv",433
"NYN198407230",9,1,"allen001",0,8,1,"speic001",6,71,"1984NYN.EVN.regular.sub.csv",434
"NYN198407230",10,0,"howea001",0,9,11,"braus001",7,74,"1984NYN.EVN.regular.sub.csv",435
"NYN198407230",10,0,"siskd001",1,9,1,"orosj001",1,74,"1984NYN.EVN.regular.sub.csv",436
"NYN198407230",10,1,"landt001",0,6,7,"landt001",8,78,"1984NYN.EVN.regular.sub.csv",437
"NYN198407230",10,1,"greed001",0,7,8,"greed001",3,78,"1984NYN.EVN.regular.sub.csv",438
"NYN198407230",10,1,"howea001",0,9,3,"howea001",11,78,"1984NYN.EVN.regular.sub.csv",439
"NYN198407230",10,1,"backw001",1,9,12,"siskd001",1,79,"1984NYN.EVN.regular.sub.csv",440
"NYN198407230",11,0,"lynce001",1,2,1,"chapk001",4,82,"1984NYN.EVN.regular.sub.csv",441
"NYN198407230",11,0,"backw001",1,9,4,"backw001",12,82,"1984NYN.EVN.regular.sub.csv",442
"NYN198407240",4,1,"ruckd001",0,9,1,"lapod001",1,41,"1984NYN.EVN.regular.sub.csv",443
"NYN198407240",7,0,"lyonb001",0,9,11,"ruckd001",1,59,"1984NYN.EVN.regular.sub.csv",444
"NYN198407240",7,0,"siskd001",1,9,1,"bereb001",1,62,"1984NYN.EVN.regular.sub.csv",445
"NYN198407240",7,0,"gormt001",1,9,1,"siskd001",1,65,"1984NYN.EVN.regular.sub.csv",446
"NYN198407240",7,1,"citar001",0,9,1,"lyonb001",11,66,"1984NYN.EVN.regular.sub.csv",447
"NYN198407240",8,0,"howea001",0,9,11,"citar001",1,73,"1984NYN.EVN.regular.sub.csv",448
"NYN198407240",8,0,"landt001",0,1,11,"smitl002",7,74,"1984NYN.EVN.regular.sub.csv",449
"NYN198407240",8,1,"martj001",1,9,11,"gormt001",1,76,"1984NYN.EVN.regular.sub.csv",450
"NYN198407240",8,1,"landt001",0,1,7,"landt001",11,76,"1984NYN.EVN.regular.sub.csv",451
"NYN198407240",8,1,"vonod001",0,9,1,"howea001",11,76,"1984NYN.EVN.regular.sub.csv",452
"NYN198407240",8,1,"lahtj001",0,9,1,"vonod001",1,81,"1984NYN.EVN.regular.sub.csv",453
"NYN198407240",9,0,"gaffb001",1,4,1,"fostg001",7,82,"1984NYN.EVN.regular.sub.csv",454
"NYN198407240",9,0,"heepd001",1,9,7,"martj001",11,82,"1984NYN.EVN.regular.sub.csv",455
"NYN198407240",10,0,"braus001",0,9,11,"lahtj001",1,91,"1984NYN.EVN.regular.sub.csv",456
"NYN198407240",10,1,"allen001",0,9,1,"braus001",11,94,"1984NYN.EVN.regular.sub.csv",457
"NYN198407240",10,1,"backw001",1,2,11,"chapk001",4,97,"1984NYN.EVN.regular.sub.csv",458
"NYN198407250",5,1,"hodgr001",1,9,11,"ferns001",1,40,"1984NYN.EVN.regular.sub.csv",459
"NYN198407250",5,1,"citar001",0,9,1,"kepsk001",1,47,"1984NYN.EVN.regular.sub.csv",460
"NYN198407250",6,0,"lynce001",1,9,1,"hodgr001",11,48,"1984NYN.EVN.regular.sub.csv",461
"NYN198407250",6,1,"vonod001",0,6,1,"greed001",3,55,"1984NYN.EVN.regular.sub.csv",462
"NYN198407250",6,1,"jorgm001",0,9,3,"citar001",1,55,"1984NYN.EVN.regular.sub.csv",463
"NYN198407250",8,0,"vansa001",0,6,11,"vonod001",1,69,"1984NYN.EVN.regular.sub.csv",464
"NYN198407250",8,0,"braus001",0,7,11,"speic001",6,70,"1984NYN.EVN.regular.sub.csv",465
"NYN198407250",8,1,"lyonb001",0,2,6,"lyonb001",4,71,"1984NYN.EVN.regular.sub.csv",466
"NYN198407250",8,1,"howea001",0,6,4,"vansa001",11,71,"1984NYN.EVN.regular.sub.csv",467
"NYN198407250",8,1,"lahtj001",0,7,1,"braus001",11,71,"1984NYN.EVN.regular.sub.csv",468
"NYN198407270",7,1,"stodt001",0,9,1,"ruthd001",1,63,"1984NYN.EVN.regular.sub.csv",469
"NYN198407270",8,1,"staur001",1,8,11,"santr001",6,75,"1984NYN.EVN.regular.sub.csv",470
"NYN198407270",9,0,"boslt001",0,8,11,"bowal001",6,76,"1984NYN.EVN.regular.sub.csv",471
"NYN198407270",9,0,"cotth001",0,8,11,"boslt001",11,76,"1984NYN.EVN.regular.sub.csv",472
"NYN198407270",9,0,"joner001",1,8,6,"staur001",11,76,"1984NYN.EVN.regular.sub.csv",473
"NYN198407270",9,0,"orosj001",1,9,1,"goodd001",1,76,"1984NYN.EVN.regular.sub.csv",474
"NYN198407270",9,0,"woodg001",0,9,11,"stodt001",1,77,"1984NYN.EVN.regular.sub.csv",475
"NYN198407280",7,1,"staur001",1,9,11,"darlr001",1,55,"1984NYN.EVN.regular.sub.csv",476
"NYN198407280",7,1,"smitl001",0,9,1,"sutcr001",1,55,"1984NYN.EVN.regular.sub.csv",477
"NYN198407280",8,0,"siskd001",1,9,1,"staur001",11,56,"1984NYN.EVN.regular.sub.csv",478
"NYN198407280",8,0,"cotth001",0,3,12,"mattg001",7,60,"1984NYN.EVN.regular.sub.csv",479
"NYN198407280",8,0,"gaffb001",1,9,1,"siskd001",1,61,"1984NYN.EVN.regular.sub.csv",480
"NYN198407280",8,0,"johnj002",0,8,11,"bowal001",6,64,"1984NYN.EVN.regular.sub.csv",481
"NYN198407280",8,0,"owend001",0,8,12,"johnj002",11,65,"1984NYN.EVN.regular.sub.csv",482
"NYN198407280",8,1,"cotth001",0,3,7,"cotth001",12,70,"1984NYN.EVN.regular.sub.csv",483
"NYN198407280",8,1,"owend001",0,8,6,"owend001",12,70,"1984NYN.EVN.regular.sub.csv",484
"NYN198407280",9,0,"gormt001",1,6,1,"brooh001",5,76,"1984NYN.EVN.regular.sub.csv",485
"NYN198407280",9,0,"joner001",1,9,5,"gaffb001",1,76,"1984NYN.EVN.regular.sub.csv",486
"NYN198407280",9,1,"frazg001",0,9,1,"smitl001",1,81,"1984NYN.EVN.regular.sub.csv",487
"NYN198407291",8,1,"martj001",1,9,11,"terrw001",1,56,"1984NYN.EVN.regular.sub.csv",488
"NYN198407291",9,0,"siskd001",1,9,1,"martj001",11,57,"1984NYN.EVN.regular.sub.csv",489
"NYN198407291",9,0,"cotth001",0,3,12,"mattg001",7,59,"1984NYN.EVN.regular.sub.csv",490
"NYN198407291",9,1,"cotth001",0,3,7,"cotth001",12,63,"1984NYN.EVN.regular.sub.csv",491
"NYN198407292",5,0,"cotth001",0,1,11,"dernb001",8,33,"1984NYN.EVN.regular.sub.csv",492
"NYN198407292",5,1,"cotth001",0,1,8,"cotth001",11,35,"1984NYN.EVN.regular.sub.csv",493
"NYN198407292",5,1,"hodgr001",1,9,11,"bereb001",1,37,"1984NYN.EVN.regular.sub.csv",494
"NYN198407292",6,0,"gaffb001",1,9,1,"hodgr001",11,39,"1984NYN.EVN.regular.sub.csv",495
"NYN198407292",8,1,"staur001",1,9,11,"gaffb001",1,58,"1984NYN.EVN.regular.sub.csv",496
"NYN198407292",8,1,"smitl001",0,9,1,"sands001",1,61,"1984NYN.EVN.regular.sub.csv",497
"NYN198407292",9,0,"gardw001",1,3,1,"hernk001",3,62,"1984NYN.EVN.regular.sub.csv",498
"NYN198407292",9,0,"staur001",1,9,3,"staur001",11,62,"1984NYN.EVN.regular.sub.csv",499
"NYN198408090",2,0,"lynce001",1,9,1,"bereb001",1,21,"1984NYN.EVN.regular.sub.csv",500
"NYN198408090",5,1,"hodgr001",1,9,11,"lynce001",1,55,"1984NYN.EVN.regular.sub.csv",501
"NYN198408090",6,0,"staur001",1,3,3,"hernk001",3,56,"1984NYN.EVN.regular.sub.csv",502
"NYN198408090",6,0,"heepd001",1,5,7,"fostg001",7,56,"1984NYN.EVN.regular.sub.csv",503
"NYN198408090",6,0,"gardr001",1,6,5,"brooh001",5,56,"1984NYN.EVN.regular.sub.csv",504
"NYN198408090",6,0,"gormt001",1,9,1,"hodgr001",11,56,"1984NYN.EVN.regular.sub.csv",505
"NYN198408090",8,1,"mazzl001",0,2,3,"mazzl001",7,76,"1984NYN.EVN.regular.sub.csv",506
"NYN198408090",8,1,"frobd001",0,4,9,"thomj001",3,76,"1984NYN.EVN.regular.sub.csv",507
"NYN198408090",8,1,"lacyl001",0,7,7,"lacyl001",9,76,"1984NYN.EVN.regular.sub.csv",508
"NYN198408100",7,1,"backw001",1,9,11,"ferns001",1,56,"1984NYN.EVN.regular.sub.csv",509
"NYN198408100",8,0,"gaffb001",1,2,1,"chapk001",4,59,"1984NYN.EVN.regular.sub.csv",510
"NYN198408100",8,0,"backw001",1,9,4,"backw001",11,59,"1984NYN.EVN.regular.sub.csv",511
"NYN198408100",8,1,"tekuk001",0,9,1,"tudoj001",1,64,"1984NYN.EVN.regular.sub.csv",512
"NYN198408100",9,1,"heepd001",1,6,11,"martj001",9,71,"1984NYN.EVN.regular.sub.csv",513
"NYN198408100",9,1,"staur001",1,8,11,"santr001",6,73,"1984NYN.EVN.regular.sub.csv",514
"NYN198408110",8,0,"pagem001",0,9,11,"mcwil001",1,62,"1984NYN.EVN.regular.sub.csv",515
"NYN198408110",8,0,"harpb001",0,9,11,"pagem001",11,62,"1984NYN.EVN.regular.sub.csv",516
"NYN198408110",8,0,"orosj001",1,9,1,"goodd001",1,62,"1984NYN.EVN.regular.sub.csv",517
"NYN198408110",8,1,"tekuk001",0,2,1,"mazzl001",7,69,"1984NYN.EVN.regular.sub.csv",518
"NYN198408110",8,1,"harpb001",0,9,7,"harpb001",11,69,"1984NYN.EVN.regular.sub.csv",519
"NYN198408120",7,0,"harpb001",0,9,11,"delej001",1,57,"1984NYN.EVN.regular.sub.csv",520
"NYN198408120",7,0,"gardw001",1,7,1,"santr001",6,62,"1984NYN.EVN.regular.sub.csv",521
"NYN198408120",7,0,"gardr001",1,9,6,"darlr001",1,62,"1984NYN.EVN.regular.sub.csv",522
"NYN198408120",7,1,"tunnl001",0,9,1,"harpb001",11,63,"1984NYN.EVN.regular.sub.csv",523
"NYN198408120",8,1,"robid001",0,7,1,"may-m001",2,73,"1984NYN.EVN.regular.sub.csv",524
"NYN198408120",8,1,"penat001",0,9,2,"tunnl001",1,73,"1984NYN.EVN.regular.sub.csv",525
"NYN198408241",5,0,"kuipd001",0,9,11,"robij001",1,38,"1984NYN.EVN.regular.sub.csv",526
"NYN198408241",5,1,"davim001",0,9,1,"kuipd001",11,39,"1984NYN.EVN.regular.sub.csv",527
"NYN198408241",7,0,"richg001",0,9,11,"davim001",1,58,"1984NYN.EVN.regular.sub.csv",528
"NYN198408241",7,0,"gardw001",1,9,1,"darlr001",1,59,"1984NYN.EVN.regular.sub.csv",529
"NYN198408241",7,1,"willf001",0,9,1,"richg001",11,61,"1984NYN.EVN.regular.sub.csv",530
"NYN198408241",8,0,"orosj001",1,9,1,"gardw001",1,69,"1984NYN.EVN.regular.sub.csv",531
"NYN198408241",8,1,"heepd001",1,8,11,"fitzm001",2,74,"1984NYN.EVN.regular.sub.csv",532
"NYN198408241",8,1,"martj001",1,8,11,"heepd001",11,74,"1984NYN.EVN.regular.sub.csv",533
"NYN198408241",8,1,"mullf001",0,7,5,"younj001",5,74,"1984NYN.EVN.regular.sub.csv",534
"NYN198408241",8,1,"laveg001",0,9,1,"willf001",1,74,"1984NYN.EVN.regular.sub.csv",535
"NYN198408241",8,1,"chapk001",1,9,11,"orosj001",1,75,"1984NYN.EVN.regular.sub.csv",536
"NYN198408241",9,0,"ortij001",1,8,2,"martj001",11,77,"1984NYN.EVN.regular.sub.csv",537
"NYN198408241",9,0,"gaffb001",1,9,1,"chapk001",11,77,"1984NYN.EVN.regular.sub.csv",538
"NYN198408241",9,1,"mintg001",0,9,1,"laveg001",1,86,"1984NYN.EVN.regular.sub.csv",539
"NYN198408242",3,0,"backw001",1,1,6,"backw001",4,21,"1984NYN.EVN.regular.sub.csv",540
"NYN198408242",3,0,"chapk001",1,7,4,"santr001",6,21,"1984NYN.EVN.regular.sub.csv",541
"NYN198408242",6,1,"willf001",0,9,1,"granm001",1,51,"1984NYN.EVN.regular.sub.csv",542
"NYN198408242",7,0,"richg001",0,9,11,"willf001",1,52,"1984NYN.EVN.regular.sub.csv",543
"NYN198408242",7,0,"gardw001",1,9,1,"terrw001",1,56,"1984NYN.EVN.regular.sub.csv",544
"NYN198408242",7,1,"laceb001",0,4,1,"baked002",7,58,"1984NYN.EVN.regular.sub.csv",545
"NYN198408242",7,1,"leonj001",0,9,7,"richg001",11,58,"1984NYN.EVN.regular.sub.csv",546
"NYN198408242",7,1,"ortij001",1,8,11,"hodgr001",2,59,"1984NYN.EVN.regular.sub.csv",547
"NYN198408242",7,1,"martj001",1,9,11,"gardw001",1,60,"1984NYN.EVN.regular.sub.csv",548
"NYN198408242",8,0,"ortij001",1,8,2,"ortij001",11,61,"1984NYN.EVN.regular.sub.csv",549
"NYN198408242",8,0,"gaffb001",1,9,1,"martj001",11,61,"1984NYN.EVN.regular.sub.csv",550
"NYN198408242",8,1,"lemaj001",0,6,6,"wellb001",5,67,"1984NYN.EVN.regular.sub.csv",551
"NYN198408242",8,1,"mullf001",0,7,5,"mullf001",6,67,"1984NYN.EVN.regular.sub.csv",552
"NYN198408242",8,1,"mintg001",0,4,1,"laceb001",1,72,"1984NYN.EVN.regular.sub.csv",553
"NYN198408242",9,1,"heepd001",1,8,11,"ortij001",2,77,"1984NYN.EVN.regular.sub.csv",554
"NYN198408242",9,1,"staur001",1,9,11,"gaffb001",1,78,"1984NYN.EVN.regular.sub.csv",555
"NYN198408250",7,1,"strad001",1,6,11,"martj001",9,54,"1984NYN.EVN.regular.sub.csv",556
"NYN198408250",7,1,"willf001",0,9,1,"lercr001",1,54,"1984NYN.EVN.regular.sub.csv",557
"NYN198408250",8,0,"strad001",1,6,9,"strad001",11,57,"1984NYN.EVN.regular.sub.csv",558
"NYN198408250",8,0,"gardw001",1,8,1,"oquej001",6,57,"1984NYN.EVN.regular.sub.csv",559
"NYN198408250",8,0,"backw001",1,9,6,"bereb001",1,57,"1984NYN.EVN.regular.sub.csv",560
"NYN198408250",9,1,"laveg001",0,9,1,"willf001",1,70,"1984NYN.EVN.regular.sub.csv",561
"NYN198408260",3,1,"hodgr001",1,9,11,"ferns001",1,26,"1984NYN.EVN.regular.sub.csv",562
"NYN198408260",4,0,"lynce001",1,9,1,"hodgr001",11,32,"1984NYN.EVN.regular.sub.csv",563
"NYN198408260",4,1,"staur001",1,9,11,"lynce001",1,41,"1984NYN.EVN.regular.sub.csv",564
"NYN198408260",4,1,"laceb001",0,9,1,"krukm001",1,45,"1984NYN.EVN.regular.sub.csv",565
"NYN198408260",5,0,"gaffb001",1,9,1,"staur001",11,46,"1984NYN.EVN.regular.sub.csv",566
"NYN198408260",6,0,"richg001",0,9,11,"laceb001",1,57,"1984NYN.EVN.regular.sub.csv",567
"NYN198408260",6,1,"davim001",0,9,1,"richg001",11,58,"1984NYN.EVN.regular.sub.csv",568
"NYN198408260",8,0,"thoms001",0,9,11,"davim001",1,77,"1984NYN.EVN.regular.sub.csv",569
"NYN198408260",8,1,"gomer001",0,5,2,"brenb001",2,79,"1984NYN.EVN.regular.sub.csv",570
"NYN198408260",8,1,"laveg001",0,9,1,"thoms001",11,79,"1984NYN.EVN.regular.sub.csv",571
"NYN198408270",7,0,"amele001",0,8,11,"riveg001",5,55,"1984NYN.EVN.regular.sub.csv",572
"NYN198408270",7,1,"landr001",0,8,5,"amele001",11,57,"1984NYN.EVN.regular.sub.csv",573
"NYN198408270",8,0,"oquej001",1,1,6,"backw001",6,60,"1984NYN.EVN.regular.sub.csv",574
"NYN198408280",7,0,"amele001",0,9,11,"honer001",1,54,"1984NYN.EVN.regular.sub.csv",575
"NYN198408280",7,1,"hootb001",0,9,1,"amele001",11,56,"1984NYN.EVN.regular.sub.csv",576
"NYN198408280",7,1,"heepd001",1,6,11,"martj001",9,61,"1984NYN.EVN.regular.sub.csv",577
"NYN198408280",8,0,"heepd001",1,6,9,"heepd001",11,63,"1984NYN.EVN.regular.sub.csv",578
"NYN198408280",8,1,"staur001",1,9,11,"terrw001",1,68,"1984NYN.EVN.regular.sub.csv",579
"NYN198408280",9,0,"maldc001",0,5,11,"brocg001",3,69,"1984NYN.EVN.regular.sub.csv",580
"NYN198408280",9,0,"orosj001",1,9,1,"staur001",11,69,"1984NYN.EVN.regular.sub.csv",581
"NYN198408280",9,0,"yeags001",0,6,11,"sciom001",2,70,"1984NYN.EVN.regular.sub.csv",582
"NYN198408290",7,0,"amele001",0,8,11,"russb001",6,52,"1984NYN.EVN.regular.sub.csv",583
"NYN198408290",7,0,"landr001",0,9,11,"reusj001",1,53,"1984NYN.EVN.regular.sub.csv",584
"NYN198408290",7,1,"backw001",1,9,11,"darlr001",1,55,"1984NYN.EVN.regular.sub.csv",585
"NYN198408290",7,1,"anded001",0,2,6,"anded001",5,55,"1984NYN.EVN.regular.sub.csv",586
"NYN198408290",7,1,"howek001",0,8,1,"amele001",11,55,"1984NYN.EVN.regular.sub.csv",587
"NYN198408290",7,1,"landr001",0,9,5,"landr001",11,55,"1984NYN.EVN.regular.sub.csv",588
"NYN198408290",7,1,"staur001",1,2,11,"chapk001",4,57,"1984NYN.EVN.regular.sub.csv",589
"NYN198408290",8,0,"orosj001",1,2,1,"staur001",11,61,"1984NYN.EVN.regular.sub.csv",590
"NYN198408290",8,0,"oquej001",1,5,6,"brooh001",6,61,"1984NYN.EVN.regular.sub.csv",591
"NYN198408290",8,0,"backw001",1,9,4,"backw001",11,61,"1984NYN.EVN.regular.sub.csv",592
"NYN198408290",8,0,"maldc001",0,3,11,"landk001",8,62,"1984NYN.EVN.regular.sub.csv",593
"NYN198408290",8,1,"maldc001",0,3,8,"maldc001",11,65,"1984NYN.EVN.regular.sub.csv",594
"NYN198408290",9,0,"yeags001",0,6,11,"sciom001",2,70,"1984NYN.EVN.regular.sub.csv",595
"NYN198408290",9,0,"brewt001",0,7,11,"stubf001",7,71,"1984NYN.EVN.regular.sub.csv",596
"NYN198408290",9,0,"marsm001",0,8,11,"howek001",1,72,"1984NYN.EVN.regular.sub.csv",597
"NYN198408290",9,1,"heepd001",1,2,11,"orosj001",1,73,"1984NYN.EVN.regular.sub.csv",598
"NYN198408290",9,1,"yeags001",0,6,2,"yeags001",11,73,"1984NYN.EVN.regular.sub.csv",599
"NYN198408290",9,1,"zachp001",0,7,1,"brewt001",11,73,"1984NYN.EVN.regular.sub.csv",600
"NYN198408290",9,1,"marsm001",0,8,7,"marsm001",11,73,"1984NYN.EVN.regular.sub.csv",601
"NYN198408311",8,0,"browb001",0,5,12,"martc001",7,49,"1984NYN.EVN.regular.sub.csv",602
"NYN198408311",8,0,"bevak001",0,9,11,"white001",1,54,"1984NYN.EVN.regular.sub.csv",603
"NYN198408311",8,0,"siskd001",1,9,1,"ferns001",1,55,"1984NYN.EVN.regular.sub.csv",604
"NYN198408311",8,1,"chapk001",1,8,11,"hodgr001",2,56,"1984NYN.EVN.regular.sub.csv",605
"NYN198408311",8,1,"browb001",0,5,7,"browb001",12,56,"1984NYN.EVN.regular.sub.csv",606
"NYN198408311",8,1,"leffc001",0,9,1,"bevak001",11,56,"1984NYN.EVN.regular.sub.csv",607
"NYN198408311",8,1,"fitzm001",1,9,11,"siskd001",1,57,"1984NYN.EVN.regular.sub.csv",608
"NYN198408311",9,0,"lynce001",1,8,1,"chapk001",11,61,"1984NYN.EVN.regular.sub.csv",609
"NYN198408311",9,0,"fitzm001",1,9,2,"fitzm001",11,61,"1984NYN.EVN.regular.sub.csv",610
"NYN198408312",7,0,"summc001",0,9,11,"dravd001",1,49,"1984NYN.EVN.regular.sub.csv",611
"NYN198408312",7,1,"leffc001",0,9,1,"summc001",11,50,"1984NYN.EVN.regular.sub.csv",612
"NYN198408312",7,1,"oquej001",1,6,12,"knigr001",5,52,"1984NYN.EVN.regular.sub.csv",613
"NYN198408312",7,1,"ortij001",1,9,11,"bereb001",1,54,"1984NYN.EVN.regular.sub.csv",614
"NYN198408312",8,0,"brooh001",1,5,5,"brooh001",6,57,"1984NYN.EVN.regular.sub.csv",615
"NYN198408312",8,0,"oquej001",1,6,6,"oquej001",12,57,"1984NYN.EVN.regular.sub.csv",616
"NYN198408312",8,0,"orosj001",1,9,1,"ortij001",11,57,"1984NYN.EVN.regular.sub.csv",617
"NYN198408312",8,1,"harrg001",0,9,1,"leffc001",1,60,"1984NYN.EVN.regular.sub.csv",618
"NYN198409011",4,1,"bookg001",0,9,1,"hawka001",1,42,"1984NYN.EVN.regular.sub.csv",619
"NYN198409011",5,1,"flant001",0,1,4,"wigga001",4,49,"1984NYN.EVN.regular.sub.csv",620
"NYN198409011",5,1,"mille001",0,2,9,"gwynt001",9,49,"1984NYN.EVN.regular.sub.csv",621
"NYN198409011",5,1,"roenr001",0,3,8,"garvs001",3,49,"1984NYN.EVN.regular.sub.csv",622
"NYN198409011",5,1,"bevak001",0,6,3,"mcrek001",8,49,"1984NYN.EVN.regular.sub.csv",623
"NYN198409011",6,1,"ramim001",0,4,5,"nettg001",5,56,"1984NYN.EVN.regular.sub.csv",624
"NYN198409011",6,1,"bochb002",0,5,2,"kennt001",2,56,"1984NYN.EVN.regular.sub.csv",625
"NYN198409011",7,0,"winnh001",1,2,8,"wilsm001",8,59,"1984NYN.EVN.regular.sub.csv",626
"NYN198409011",7,0,"summc001",0,9,11,"bookg001",1,60,"1984NYN.EVN.regular.sub.csv",627
"NYN198409011",7,1,"chiff001",0,9,1,"summc001",11,63,"1984NYN.EVN.regular.sub.csv",628
"NYN198409011",8,0,"heepd001",1,3,3,"hernk001",3,68,"1984NYN.EVN.regular.sub.csv",629
"NYN198409011",9,0,"salal001",0,9,11,"chiff001",1,77,"1984NYN.EVN.regular.sub.csv",630
"NYN198409011",9,0,"orosj001",1,9,1,"goodd001",1,77,"1984NYN.EVN.regular.sub.csv",631
"NYN198409011",9,0,"martc001",0,4,11,"ramim001",5,81,"1984NYN.EVN.regular.sub.csv",632
"NYN198409012",4,0,"gormt001",1,9,1,"schic001",1,35,"1984NYN.EVN.regular.sub.csv",633
"NYN198409012",4,1,"steaj001",1,9,11,"gormt001",1,39,"1984NYN.EVN.regular.sub.csv",634
"NYN198409012",5,0,"gaffb001",1,9,1,"steaj001",11,45,"1984NYN.EVN.regular.sub.csv",635
"NYN198409012",5,1,"delel001",0,9,1,"showe001",1,49,"1984NYN.EVN.regular.sub.csv",636
"NYN198409012",6,0,"roenr001",0,9,11,"delel001",1,57,"1984NYN.EVN.regular.sub.csv",637
"NYN198409012",6,1,"harrg001",0,9,1,"roenr001",11,58,"1984NYN.EVN.regular.sub.csv",638
"NYN198409012",7,1,"staur001",1,9,11,"gaffb001",1,68,"1984NYN.EVN.regular.sub.csv",639
"NYN198409012",7,1,"oquej001",1,9,12,"staur001",11,69,"1984NYN.EVN.regular.sub.csv",640
"NYN198409012",8,0,"orosj001",1,9,1,"oquej001",12,70,"1984NYN.EVN.regular.sub.csv",641
"NYN198409012",9,0,"bevak001",0,9,11,"harrg001",1,82,"1984NYN.EVN.regular.sub.csv",642
"NYN198409020",8,1,"heepd001",1,9,11,"terrw001",1,61,"1984NYN.EVN.regular.sub.csv",643
"NYN198409020",8,1,"gossr001",0,9,1,"lollt001",1,61,"1984NYN.EVN.regular.sub.csv",644
"NYN198409020",8,1,"oquej001",1,9,12,"heepd001",11,62,"1984NYN.EVN.regular.sub.csv",645
"NYN198409020",8,1,"staur001",1,2,11,"chapk001",4,64,"1984NYN.EVN.regular.sub.csv",646
"NYN198409020",9,0,"siskd001",1,2,1,"staur001",11,67,"1984NYN.EVN.regular.sub.csv",647
"NYN198409020",9,0,"backw001",1,9,4,"oquej001",12,67,"1984NYN.EVN.regular.sub.csv",648
"NYN198409020",10,1,"winnh001",1,2,11,"siskd001",1,82,"1984NYN.EVN.regular.sub.csv",649
"NYN198409020",11,0,"gaffb001",1,2,1,"winnh001",11,85,"1984NYN.EVN.regular.sub.csv",650
"NYN198409020",12,1,"hodgr001",1,2,11,"gaffb001",1,97,"1984NYN.EVN.regular.sub.csv",651
"NYN198409070",3,1,"brusw001",0,9,1,"ruthd001",1,26,"1984NYN.EVN.regular.sub.csv",652
"NYN198409070",6,0,"rohnd001",0,9,11,"brusw001",1,44,"1984NYN.EVN.regular.sub.csv",653
"NYN198409070",6,1,"reusr001",0,2,1,"sandr001",4,47,"1984NYN.EVN.regular.sub.csv",654
"NYN198409070",6,1,"rohnd001",0,9,4,"rohnd001",11,47,"1984NYN.EVN.regular.sub.csv",655
"NYN198409070",6,1,"oquej001",1,6,11,"brooh001",6,53,"1984NYN.EVN.regular.sub.csv",656
"NYN198409070",7,0,"oquej001",1,6,6,"oquej001",11,55,"1984NYN.EVN.regular.sub.csv",657
"NYN198409070",7,0,"boslt001",0,6,11,"cey-r001",5,58,"1984NYN.EVN.regular.sub.csv",658
"NYN198409070",7,1,"cotth001",0,3,7,"mattg001",7,59,"1984NYN.EVN.regular.sub.csv",659
"NYN198409070",7,1,"veryt001",0,5,5,"morek001",9,59,"1984NYN.EVN.regular.sub.csv",660
"NYN198409070",7,1,"boslt001",0,6,9,"boslt001",11,59,"1984NYN.EVN.regular.sub.csv",661
"NYN198409070",7,1,"hassr001",0,7,2,"davij001",2,59,"1984NYN.EVN.regular.sub.csv",662
"NYN198409070",8,0,"heepd001",1,5,7,"fostg001",7,63,"1984NYN.EVN.regular.sub.csv",663
"NYN198409070",8,1,"woodg001",0,8,4,"bowal001",6,67,"1984NYN.EVN.regular.sub.csv",664
"NYN198409070",8,1,"rohnd001",0,9,6,"rohnd001",4,67,"1984NYN.EVN.regular.sub.csv",665
"NYN198409070",9,0,"loped001",0,2,11,"reusr001",1,71,"1984NYN.EVN.regular.sub.csv",666
"NYN198409080",6,1,"heepd001",1,9,11,"terrw001",1,43,"1984NYN.EVN.regular.sub.csv",667
"NYN198409080",7,0,"siskd001",1,9,1,"heepd001",11,48,"1984NYN.EVN.regular.sub.csv",668
"NYN198409080",8,0,"cotth001",0,3,11,"mattg001",7,64,"1984NYN.EVN.regular.sub.csv",669
"NYN198409080",8,1,"cotth001",0,3,7,"cotth001",11,65,"1984NYN.EVN.regular.sub.csv",670
"NYN198409080",8,1,"staur001",1,9,11,"siskd001",1,67,"1984NYN.EVN.regular.sub.csv",671
"NYN198409080",9,0,"gardw001",1,9,1,"staur001",11,69,"1984NYN.EVN.regular.sub.csv",672
"NYN198409090",6,0,"rohnd001",0,9,11,"sands001",1,36,"1984NYN.EVN.regular.sub.csv",673
"NYN198409090",6,1,"frazg001",0,9,1,"rohnd001",11,41,"1984NYN.EVN.regular.sub.csv",674
"NYN198409090",6,1,"brusw001",0,9,1,"frazg001",1,45,"1984NYN.EVN.regular.sub.csv",675
"NYN198409090",8,0,"boslt001",0,8,11,"bowal001",6,57,"1984NYN.EVN.regular.sub.csv",676
"NYN198409090",8,0,"loped001",0,9,11,"brusw001",1,58,"1984NYN.EVN.regular.sub.csv",677
"NYN198409090",8,1,"reusr001",0,1,1,"dernb001",8,62,"1984NYN.EVN.regular.sub.csv",678
"NYN198409090",8,1,"veryt001",0,8,6,"boslt001",11,62,"1984NYN.EVN.regular.sub.csv",679
"NYN198409090",8,1,"loped001",0,9,8,"loped001",11,62,"1984NYN.EVN.regular.sub.csv",680
"NYN198409090",9,0,"orosj001",1,9,1,"darlr001",1,66,"1984NYN.EVN.regular.sub.csv",681
"NYN198409100",8,0,"gaffb001",1,9,1,"ferns001",1,56,"1984NYN.EVN.regular.sub.csv",682
"NYN198409100",8,1,"vansa001",0,5,9,"smitl002",7,59,"1984NYN.EVN.regular.sub.csv",683
"NYN198409100",8,1,"landt001",0,6,7,"landt001",9,59,"1984NYN.EVN.regular.sub.csv",684
"NYN198409100",8,1,"santr001",1,9,11,"gaffb001",1,61,"1984NYN.EVN.regular.sub.csv",685
"NYN198409100",9,0,"gormt001",1,9,1,"santr001",11,62,"1984NYN.EVN.regular.sub.csv",686
"NYN198409100",9,1,"staur001",1,2,11,"chapk001",4,67,"1984NYN.EVN.regular.sub.csv",687
"NYN198409100",9,1,"suttb001",0,9,1,"lapod001",1,67,"1984NYN.EVN.regular.sub.csv",688
"NYN198409100",9,1,"oquej001",1,3,12,"hernk001",3,69,"1984NYN.EVN.regular.sub.csv",689
"NYN198409110",5,1,"martj001",1,9,11,"bereb001",1,41,"1984NYN.EVN.regular.sub.csv",690
"NYN198409110",6,0,"gaffb001",1,9,1,"martj001",11,43,"1984NYN.EVN.regular.sub.csv",691
"NYN198409110",6,1,"lahtj001",0,9,1,"hortr001",1,50,"1984NYN.EVN.regular.sub.csv",692
"NYN198409110",7,1,"heepd001",1,9,11,"gaffb001",1,59,"1984NYN.EVN.regular.sub.csv",693
"NYN198409110",7,1,"oquej001",1,9,12,"heepd001",11,60,"1984NYN.EVN.regular.sub.csv",694
"NYN198409110",7,1,"ruckd001",0,9,1,"lahtj001",1,60,"1984NYN.EVN.regular.sub.csv",695
"NYN198409110",7,1,"allen001",0,3,1,"pendt001",5,64,"1984NYN.EVN.regular.sub.csv",696
"NYN198409110",7,1,"howea001",0,9,5,"ruckd001",1,64,"1984NYN.EVN.regular.sub.csv",697
"NYN198409110",8,0,"orosj001",1,9,1,"oquej001",12,65,"1984NYN.EVN.regular.sub.csv",698
"NYN198409110",8,0,"housp001",0,4,12,"portd001",2,66,"1984NYN.EVN.regular.sub.csv",699
"NYN198409110",8,0,"landt001",0,6,11,"vansa001",9,67,"1984NYN.EVN.regular.sub.csv",700
"NYN198409110",8,1,"housp001",0,4,9,"housp001",12,74,"1984NYN.EVN.regular.sub.csv",701
"NYN198409110",8,1,"brumg001",0,6,2,"landt001",11,74,"1984NYN.EVN.regular.sub.csv",702
"NYN198409110",9,0,"gardw001",1,8,1,"fitzm001",2,78,"1984NYN.EVN.regular.sub.csv",703
"NYN198409110",9,0,"hodgr001",1,9,2,"orosj001",1,78,"1984NYN.EVN.regular.sub.csv",704
"NYN198409110",9,1,"housp001",0,4,7,"housp001",9,82,"1984NYN.EVN.regular.sub.csv",705
"NYN198409110",9,1,"jorgm001",0,5,3,"smitl002",7,82,"1984NYN.EVN.regular.sub.csv",706
"NYN198409110",9,1,"greed001",0,7,9,"greed001",3,82,"1984NYN.EVN.regular.sub.csv",707
"NYN198409110",9,1,"backw001",1,2,11,"chapk001",4,84,"1984NYN.EVN.regular.sub.csv",708
"NYN198409110",9,1,"suttb001",0,3,1,"allen001",1,87,"1984NYN.EVN.regular.sub.csv",709
"NYN198409120",8,0,"orsuj001",0,9,11,"tudoj001",1,55,"1984NYN.EVN.regular.sub.csv",710
"NYN198409120",8,1,"scurr001",0,9,1,"orsuj001",11,58,"1984NYN.EVN.regular.sub.csv",711
"NYN198409130",6,1,"martj001",1,9,11,"terrw001",1,46,"1984NYN.EVN.regular.sub.csv",712
"NYN198409130",7,0,"lynce001",1,9,1,"martj001",11,49,"1984NYN.EVN.regular.sub.csv",713
"NYN198409130",7,1,"mitck001",1,3,11,"hernk001",3,57,"1984NYN.EVN.regular.sub.csv",714
"NYN198409130",7,1,"beanb001",1,4,11,"fostg001",7,58,"1984NYN.EVN.regular.sub.csv",715
"NYN198409130",7,1,"santr001",1,5,11,"brooh001",6,59,"1984NYN.EVN.regular.sub.csv",716
"NYN198409130",7,1,"chrij001",1,6,11,"strad001",9,60,"1984NYN.EVN.regular.sub.csv",717
"NYN198409130",7,1,"ortij001",1,8,11,"fitzm001",2,62,"1984NYN.EVN.regular.sub.csv",718
"NYN198409130",8,0,"winnh001",1,1,8,"wilsm001",8,63,"1984NYN.EVN.regular.sub.csv",719
"NYN198409130",8,0,"mitck001",1,3,5,"mitck001",11,63,"1984NYN.EVN.regular.sub.csv",720
"NYN198409130",8,0,"beanb001",1,4,7,"beanb001",11,63,"1984NYN.EVN.regular.sub.csv",721
"NYN198409130",8,0,"santr001",1,5,6,"santr001",11,63,"1984NYN.EVN.regular.sub.csv",722
"NYN198409130",8,0,"chrij001",1,6,9,"chrij001",11,63,"1984NYN.EVN.regular.sub.csv",723
"NYN198409130",8,0,"knigr001",1,7,3,"knigr001",5,63,"1984NYN.EVN.regular.sub.csv",724
"NYN198409130",8,0,"ortij001",1,8,2,"ortij001",11,63,"1984NYN.EVN.regular.sub.csv",725
"NYN198409130",8,1,"gardr001",1,9,11,"lynce001",1,71,"1984NYN.EVN.regular.sub.csv",726
"NYN198409130",8,1,"tekuk001",0,9,1,"mcwil001",1,74,"1984NYN.EVN.regular.sub.csv",727
"NYN198409130",9,0,"gardw001",1,2,1,"chapk001",4,77,"1984NYN.EVN.regular.sub.csv",728
"NYN198409130",9,0,"gardr001",1,9,4,"gardr001",11,77,"1984NYN.EVN.regular.sub.csv",729
"NYN198409210",6,0,"johnr003",0,7,11,"flynd001",4,49,"1984NYN.EVN.regular.sub.csv",730
"NYN198409210",6,0,"gaffb001",1,9,1,"ferns001",1,49,"1984NYN.EVN.regular.sub.csv",731
"NYN198409210",6,1,"ramsm001",0,7,4,"johnr003",11,50,"1984NYN.EVN.regular.sub.csv",732
"NYN198409210",7,0,"johnw001",0,8,11,"gonzr001",6,56,"1984NYN.EVN.regular.sub.csv",733
"NYN198409210",7,0,"scott001",0,9,11,"schad001",1,57,"1984NYN.EVN.regular.sub.csv",734
"NYN198409210",7,1,"salaa001",0,8,6,"johnw001",11,59,"1984NYN.EVN.regular.sub.csv",735
"NYN198409210",7,1,"jameb001",0,9,1,"scott001",11,59,"1984NYN.EVN.regular.sub.csv",736
"NYN198409210",8,1,"winnh001",1,9,11,"gaffb001",1,70,"1984NYN.EVN.regular.sub.csv",737
"NYN198409210",9,0,"orosj001",1,9,1,"winnh001",11,72,"1984NYN.EVN.regular.sub.csv",738
"NYN198409210",9,0,"butes001",0,8,11,"salaa001",6,73,"1984NYN.EVN.regular.sub.csv",739
"NYN198409210",9,0,"lawlt001",0,8,12,"butes001",11,74,"1984NYN.EVN.regular.sub.csv",740
"NYN198409210",9,0,"fuenm001",0,9,11,"jameb001",1,74,"1984NYN.EVN.regular.sub.csv",741
"NYN198409220",6,1,"jameb001",0,9,1,"palmd001",1,52,"1984NYN.EVN.regular.sub.csv",742
"NYN198409220",7,0,"gormt001",1,9,1,"bereb001",1,55,"1984NYN.EVN.regular.sub.csv",743
"NYN198409220",7,0,"wohlj001",0,3,11,"johnr003",9,56,"1984NYN.EVN.regular.sub.csv",744
"NYN198409220",7,0,"dawsa001",0,6,11,"stenm001",7,59,"1984NYN.EVN.regular.sub.csv",745
"NYN198409220",7,1,"heepd001",1,8,11,"ortij001",2,60,"1984NYN.EVN.regular.sub.csv",746
"NYN198409220",7,1,"wohlj001",0,3,9,"wohlj001",11,60,"1984NYN.EVN.regular.sub.csv",747
"NYN198409220",7,1,"venam001",0,6,7,"dawsa001",11,60,"1984NYN.EVN.regular.sub.csv",748
"NYN198409220",7,1,"oquej001",1,8,12,"heepd001",11,61,"1984NYN.EVN.regular.sub.csv",749
"NYN198409220",7,1,"hodgr001",1,9,11,"gormt001",1,61,"1984NYN.EVN.regular.sub.csv",750
"NYN198409220",7,1,"lucag001",0,9,1,"jameb001",1,64,"1984NYN.EVN.regular.sub.csv",751
"NYN198409220",8,0,"dilom001",0,7,11,"butes001",2,66,"1984NYN.EVN.regular.sub.csv",752
"NYN198409220",8,0,"orosj001",1,8,1,"oquej001",12,66,"1984NYN.EVN.regular.sub.csv",753
"NYN198409220",8,0,"hodgr001",1,9,2,"hodgr001",11,66,"1984NYN.EVN.regular.sub.csv",754
"NYN198409220",8,0,"johnw001",0,8,11,"gonzr001",6,67,"1984NYN.EVN.regular.sub.csv",755
"NYN198409220",8,0,"cartg001",0,9,11,"lucag001",1,68,"1984NYN.EVN.regular.sub.csv",756
"NYN198409220",8,1,"salaa001",0,7,6,"dilom001",11,70,"1984NYN.EVN.regular.sub.csv",757
"NYN198409220",8,1,"rearj001",0,8,1,"johnw001",11,70,"1984NYN.EVN.regular.sub.csv",758
"NYN198409220",8,1,"cartg001",0,9,2,"cartg001",11,70,"1984NYN.EVN.regular.sub.csv",759
"NYN198409230",5,1,"grapr001",0,9,1,"heskj001",1,43,"1984NYN.EVN.regular.sub.csv",760
"NYN198409230",8,0,"johnw001",0,8,11,"salaa001",6,59,"1984NYN.EVN.regular.sub.csv",761
"NYN198409230",8,0,"shinr001",0,9,11,"grapr001",1,60,"1984NYN.EVN.regular.sub.csv",762
"NYN198409230",8,1,"gonzr001",0,8,6,"johnw001",11,62,"1984NYN.EVN.regular.sub.csv",763
"NYN198409230",8,1,"stclr001",0,9,1,"shinr001",11,62,"1984NYN.EVN.regular.sub.csv",764
"NYN198409230",9,0,"venam001",0,2,11,"littb001",4,67,"1984NYN.EVN.regular.sub.csv",765
"NYN198409230",9,0,"gaffb001",1,9,1,"goodd001",1,67,"1984NYN.EVN.regular.sub.csv",766
"NYN198409240",4,1,"hodgr001",1,9,11,"terrw001",1,39,"1984NYN.EVN.regular.sub.csv",767
"NYN198409240",4,1,"wilsm001",1,9,12,"hodgr001",11,40,"1984NYN.EVN.regular.sub.csv",768
"NYN198409240",5,0,"gormt001",1,9,1,"wilsm001",12,42,"1984NYN.EVN.regular.sub.csv",769
"NYN198409240",8,0,"orosj001",1,9,1,"gormt001",1,65,"1984NYN.EVN.regular.sub.csv",770
"NYN198409240",8,0,"lezcs001",0,6,11,"corct001",9,66,"1984NYN.EVN.regular.sub.csv",771
"NYN198409240",8,0,"wockj001",0,8,11,"jelts001",6,68,"1984NYN.EVN.regular.sub.csv",772
"NYN198409240",8,0,"dejei001",0,8,12,"wockj001",11,69,"1984NYN.EVN.regular.sub.csv",773
"NYN198409240",8,0,"russj002",0,9,11,"dennj001",1,69,"1984NYN.EVN.regular.sub.csv",774
"NYN198409240",8,1,"lezcs001",0,6,9,"lezcs001",11,70,"1984NYN.EVN.regular.sub.csv",775
"NYN198409240",8,1,"dejei001",0,8,6,"dejei001",12,70,"1984NYN.EVN.regular.sub.csv",776
"NYN198409240",8,1,"andel001",0,9,1,"russj002",11,70,"1984NYN.EVN.regular.sub.csv",777
"NYN198409240",8,1,"staur001",1,9,11,"orosj001",1,73,"1984NYN.EVN.regular.sub.csv",778
"NYN198409240",8,1,"mcgrt001",0,9,1,"andel001",1,73,"1984NYN.EVN.regular.sub.csv",779
"NYN198409240",8,1,"oquej001",1,9,12,"staur001",11,74,"1984NYN.EVN.regular.sub.csv",780
"NYN198409240",8,1,"chapk001",1,2,11,"heepd001",9,75,"1984NYN.EVN.regular.sub.csv",781
"NYN198409240",9,0,"winnh001",1,2,8,"chapk001",11,77,"1984NYN.EVN.regular.sub.csv",782
"NYN198409240",9,0,"strad001",1,4,9,"strad001",8,77,"1984NYN.EVN.regular.sub.csv",783
"NYN198409240",9,0,"gaffb001",1,9,1,"oquej001",12,77,"1984NYN.EVN.regular.sub.csv",784
"NYN198409250",7,0,"matul001",0,7,11,"schur001",5,53,"1984NYN.EVN.regular.sub.csv",785
"NYN198409250",7,0,"grosg001",0,8,11,"jelts001",6,54,"1984NYN.EVN.regular.sub.csv",786
"NYN198409250",7,1,"lezcs001",0,4,9,"oliva001",3,57,"1984NYN.EVN.regular.sub.csv",787
"NYN198409250",7,1,"corct001",0,5,3,"corct001",9,57,"1984NYN.EVN.regular.sub.csv",788
"NYN198409250",7,1,"dejei001",0,7,6,"matul001",11,57,"1984NYN.EVN.regular.sub.csv",789
"NYN198409250",7,1,"agual001",0,8,5,"grosg001",11,57,"1984NYN.EVN.regular.sub.csv",790
"NYN198409250",8,0,"brooh001",1,5,5,"brooh001",6,60,"1984NYN.EVN.regular.sub.csv",791
"NYN198409250",8,0,"lynce001",1,7,1,"knigr001",5,60,"1984NYN.EVN.regular.sub.csv",792
"NYN198409250",8,0,"santr001",1,9,6,"darlr001",1,60,"1984NYN.EVN.regular.sub.csv",793
"NYN198409250",8,1,"mcgrt001",0,7,1,"dejei001",6,69,"1984NYN.EVN.regular.sub.csv",794
"NYN198409250",8,1,"garck001",0,9,6,"grosk001",1,69,"1984NYN.EVN.regular.sub.csv",795
"NYN198409250",9,1,"wilsm001",1,6,11,"heepd001",7,77,"1984NYN.EVN.regular.sub.csv",796
"NYN198409250",9,1,"fostg001",1,7,11,"lynce001",1,78,"1984NYN.EVN.regular.sub.csv",797
"NYN198409250",9,1,"wilsg001",0,1,7,"stonj001",7,78,"1984NYN.EVN.regular.sub.csv",798
"NYN198409250",9,1,"andel001",0,7,1,"mcgrt001",1,78,"1984NYN.EVN.regular.sub.csv",799
"NYN198409250",9,1,"oquej001",1,8,12,"hodgr001",2,80,"1984NYN.EVN.regular.sub.csv",800
"NYN198409250",9,1,"staur001",1,9,11,"santr001",6,80,"1984NYN.EVN.regular.sub.csv",801
"NYN198409260",6,0,"gardw001",1,9,1,"ferns001",1,51,"1984NYN.EVN.regular.sub.csv",802
"NYN198409260",7,0,"grosg001",0,7,11,"russj002",9,58,"1984NYN.EVN.regular.sub.csv",803
"NYN198409260",7,0,"corct001",0,8,11,"jelts001",6,59,"1984NYN.EVN.regular.sub.csv",804
"NYN198409260",7,0,"oliva001",0,9,11,"koosj001",1,60,"1984NYN.EVN.regular.sub.csv",805
"NYN198409260",7,0,"dejei001",0,9,12,"oliva001",11,61,"1984NYN.EVN.regular.sub.csv",806
"NYN198409260",7,1,"winnh001",1,9,11,"gardw001",1,63,"1984NYN.EVN.regular.sub.csv",807
"NYN198409260",7,1,"martr001",0,1,1,"stonj001",7,63,"1984NYN.EVN.regular.sub.csv",808
"NYN198409260",7,1,"grosg001",0,7,7,"grosg001",11,63,"1984NYN.EVN.regular.sub.csv",809
"NYN198409260",7,1,"corct001",0,8,9,"corct001",11,63,"1984NYN.EVN.regular.sub.csv",810
"NYN198409260",7,1,"dejei001",0,9,6,"dejei001",12,63,"1984NYN.EVN.regular.sub.csv",811
"NYN198409260",8,0,"siskd001",1,1,1,"wilsm001",8,73,"1984NYN.EVN.regular.sub.csv",812
"NYN198409260",8,0,"winnh001",1,9,8,"winnh001",11,73,"1984NYN.EVN.regular.sub.csv",813
"NYN198409260",8,1,"schur001",0,1,5,"martr001",1,78,"1984NYN.EVN.regular.sub.csv",814
"NYN198409260",8,1,"fires001",0,4,1,"schmm001",5,78,"1984NYN.EVN.regular.sub.csv",815
