"GAME_ID","GAME_DT","GAME_CT","APPEAR_DT","TEAM_ID","PLAYER_ID","SLOT_CT","SEQ_CT","HOME_FL","OPPONENT_ID","PARK_ID","B_G","B_PA","B_AB","B_R","B_H","B_TB","B_2B","B_3B","B_HR","B_HR4","B_RBI","B_GW","B_BB","B_IBB","B_SO","B_GDP","B_HP","B_SH","B_SF","B_SB","B_CS","B_XI","B_G_DH","B_G_PH","B_G_PR","P_G","P_GS","P_CG","P_SHO","P_GF","P_W","P_L","P_SV","P_OUT","P_TBF","P_AB","P_R","P_ER","P_H","P_TB","P_2B","P_3B","P_HR","P_HR4","P_BB","P_IBB","P_SO","P_GDP","P_HP","P_SH","P_SF","P_XI","P_WP","P_BK","P_IR","P_IRS","P_GO","P_AO","P_PITCH","P_STRIKE","F_P_G","F_P_GS","F_P_OUT","F_P_TC","F_P_PO","F_P_A","F_P_E","F_P_DP","F_P_TP","F_C_G","F_C_GS","F_C_OUT","F_C_TC","F_C_PO","F_C_A","F_C_E","F_C_DP","F_C_TP","F_C_PB","F_C_XI","F_1B_G","F_1B_GS","F_1B_OUT","F_1B_TC","F_1B_PO","F_1B_A","F_1B_E","F_1B_DP","F_1B_TP","F_2B_G","F_2B_GS","F_2B_OUT","F_2B_TC","F_2B_PO","F_2B_A","F_2B_E","F_2B_DP","F_2B_TP","F_3B_G","F_3B_GS","F_3B_OUT","F_3B_TC","F_3B_PO","F_3B_A","F_3B_E","F_3B_DP","F_3B_TP","F_SS_G","F_SS_GS","F_SS_OUT","F_SS_TC","F_SS_PO","F_SS_A","F_SS_E","F_SS_DP","F_SS_TP","F_LF_G","F_LF_GS","F_LF_OUT","F_LF_TC","F_LF_PO","F_LF_A","F_LF_E","F_LF_DP","F_LF_TP","F_CF_G","F_CF_GS","F_CF_OUT","F_CF_TC","F_CF_PO","F_CF_A","F_CF_E","F_CF_DP","F_CF_TP","F_RF_G","F_RF_GS","F_RF_OUT","F_RF_TC","F_RF_PO","F_RF_A","F_RF_E","F_RF_DP","F_RF_TP","FILENAME_TX","LINE_NUMBER_CT"
"KCA201409300","20140930",0,"20140930","OAK","crisc001",1,1,0,"KCA","KAN06",1,6,6,1,2,2,0,0,0,0,1,,0,0,3,0,0,0,0,0,0,0,0,0,0,0,0,0,0,0,0,0,0,0,0,0,0,0,0,0,0,0,0,0,0,0,0,0,0,0,0,0,0,0,0,0,0,0,0,0,0,0,0,0,0,0,0,0,0,0,0,0,0,0,0,0,0,0,0,0,0,0,0,0,0,0,0,0,0,0,0,0,0,0,0,0,0,0,0,0,0,0,0,0,0,0,0,0,0,0,0,0,0,0,0,0,0,0,0,0,0,0,0,0,0,1,1,30,0,0,0,0,0,0,0,0,0,0,0,0,0,0,0,"2014ALWC.EVE.post.daily.csv",2
"KCA201409300","20140930",0,"20140930","OAK","gomej001",1,2,0,"KCA","KAN06",1,0,0,0,0,0,0,0,0,0,0,,0,0,0,0,0,0,0,0,0,0,0,0,0,0,0,0,0,0,0,0,0,0,0,0,0,0,0,0,0,0,0,0,0,0,0,0,0,0,0,0,0,0,0,0,0,0,0,0,0,0,0,0,0,0,0,0,0,0,0,0,0,0,0,0,0,0,0,0,0,0,0,0,0,0,0,0,0,0,0,0,0,0,0,0,0,0,0,0,0,0,0,0,0,0,0,0,0,0,0,0,0,0,0,0,1,0,5,0,0,0,0,0,0,0,0,0,0,0,0,0,0,0,0,0,0,0,0,0,0,0,0,"2014ALWC.EVE.post.daily.csv",3
"KCA201409300","20140930",0,"20140930","OAK","fulds001",2,1,0,"KCA","KAN06",1,6,5,1,2,2,0,0,0,0,0,,1,0,1,0,0,0,0,0,0,0,0,0,0,0,0,0,0,0,0,0,0,0,0,0,0,0,0,0,0,0,0,0,0,0,0,0,0,0,0,0,0,0,0,0,0,0,0,0,0,0,0,0,0,0,0,0,0,0,0,0,0,0,0,0,0,0,0,0,0,0,0,0,0,0,0,0,0,0,0,0,0,0,0,0,0,0,0,0,0,0,0,0,0,0,0,0,0,0,0,0,0,0,0,0,1,1,30,3,3,0,0,0,0,1,0,5,0,0,0,0,0,0,0,0,0,0,0,0,0,0,0,"2014ALWC.EVE.post.daily.csv",4
"KCA201409300","20140930",0,"20140930","OAK","donaj001",3,1,0,"KCA","KAN06",1,6,5,1,2,2,0,0,0,0,0,,1,0,2,0,0,0,0,0,0,0,0,0,0,0,0,0,0,0,0,0,0,0,0,0,0,0,0,0,0,0,0,0,0,0,0,0,0,0,0,0,0,0,0,0,0,0,0,0,0,0,0,0,0,0,0,0,0,0,0,0,0,0,0,0,0,0,0,0,0,0,0,0,0,0,0,0,0,0,0,0,0,0,0,0,0,0,1,1,35,4,2,2,0,0,0,0,0,0,0,0,0,0,0,0,0,0,0,0,0,0,0,0,0,0,0,0,0,0,0,0,0,0,0,0,0,0,0,0,0,0,0,"2014ALWC.EVE.post.daily.csv",5
"KCA201409300","20140930",0,"20140930","OAK","mossb001",4,1,0,"KCA","KAN06",1,6,5,2,2,8,0,0,2,0,5,,1,1,2,0,0,0,0,0,0,0,1,0,0,0,0,0,0,0,0,0,0,0,0,0,0,0,0,0,0,0,0,0,0,0,0,0,0,0,0,0,0,0,0,0,0,0,0,0,0,0,0,0,0,0,0,0,0,0,0,0,0,0,0,0,0,0,0,0,0,0,0,0,0,0,0,0,0,0,0,0,0,0,0,0,0,0,0,0,0,0,0,0,0,0,0,0,0,0,0,0,0,0,0,0,0,0,0,0,0,0,0,0,0,0,0,0,0,0,0,0,0,0,0,0,0,0,0,0,0,0,0,"2014ALWC.EVE.post.daily.csv",6
"KCA201409300","20140930",0,"20140930","OAK","reddj001",5,1,0,"KCA","KAN06",1,6,4,2,2,2,0,0,0,0,0,,2,0,0,0,0,0,0,0,0,0,0,0,0,0,0,0,0,0,0,0,0,0,0,0,0,0,0,0,0,0,0,0,0,0,0,0,0,0,0,0,0,0,0,0,0,0,0,0,0,0,0,0,0,0,0,0,0,0,0,0,0,0,0,0,0,0,0,0,0,0,0,0,0,0,0,0,0,0,0,0,0,0,0,0,0,0,0,0,0,0,0,0,0,0,0,0,0,0,0,0,0,0,0,0,0,0,0,0,0,0,0,0,0,0,0,0,0,0,0,0,0,0,1,1,35,2,2,0,0,0,0,"2014ALWC.EVE.post.daily.csv",7
"KCA201409300","20140930",0,"20140930","OAK","lowrj001",6,1,0,"KCA","KAN06",1,6,5,0,0,0,0,0,0,0,0,,0,0,0,0,0,1,0,0,0,0,0,0,0,0,0,0,0,0,0,0,0,0,0,0,0,0,0,0,0,0,0,0,0,0,0,0,0,0,0,0,0,0,0,0,0,0,0,0,0,0,0,0,0,0,0,0,0,0,0,0,0,0,0,0,0,0,0,0,0,0,0,0,0,0,0,0,0,0,0,0,0,0,0,0,0,0,0,0,0,0,0,0,0,0,0,1,1,35,11,3,8,0,0,0,0,0,0,0,0,0,0,0,0,0,0,0,0,0,0,0,0,0,0,0,0,0,0,0,0,0,0,"2014ALWC.EVE.post.daily.csv",8
"KCA201409300","20140930",0,"20140930","OAK","vogts001",7,1,0,"KCA","KAN06",1,4,3,0,0,0,0,0,0,0,0,,1,0,1,0,0,0,0,0,0,0,0,0,0,0,0,0,0,0,0,0,0,0,0,0,0,0,0,0,0,0,0,0,0,0,0,0,0,0,0,0,0,0,0,0,0,0,0,0,0,0,0,0,0,0,0,0,0,0,0,0,0,0,0,0,0,0,0,0,1,1,27,10,9,1,0,0,0,0,0,0,0,0,0,0,0,0,0,0,0,0,0,0,0,0,0,0,0,0,0,0,0,0,0,0,0,0,0,0,0,0,0,0,0,0,0,0,0,0,0,0,0,0,0,0,0,0,0,0,0,0,0,"2014ALWC.EVE.post.daily.csv",9
"KCA201409300","20140930",0,"20140930","OAK","frein001",7,2,0,"KCA","KAN06",1,1,1,0,0,0,0,0,0,0,0,,0,0,0,0,0,0,0,0,0,0,0,1,0,0,0,0,0,0,0,0,0,0,0,0,0,0,0,0,0,0,0,0,0,0,0,0,0,0,0,0,0,0,0,0,0,0,0,0,0,0,0,0,0,0,0,0,0,0,0,0,0,0,0,0,0,0,0,0,1,0,6,3,3,0,0,0,0,0,0,0,0,0,0,0,0,0,0,0,0,0,0,0,0,0,0,0,0,0,0,0,0,0,0,0,0,0,0,0,0,0,0,0,0,0,0,0,0,0,0,0,0,0,0,0,0,0,0,0,0,0,0,"2014ALWC.EVE.post.daily.csv",10
"KCA201409300","20140930",0,"20140930","OAK","calla001",7,3,0,"KCA","KAN06",1,1,1,0,1,1,0,0,0,0,1,,0,0,0,0,0,0,0,0,0,0,0,1,0,0,0,0,0,0,0,0,0,0,0,0,0,0,0,0,0,0,0,0,0,0,0,0,0,0,0,0,0,0,0,0,0,0,0,0,0,0,0,0,0,0,0,0,0,0,0,0,0,0,0,0,0,0,0,0,1,0,2,1,0,1,0,0,0,0,0,0,0,0,0,0,0,0,0,0,0,0,0,0,0,0,0,0,0,0,0,0,0,0,0,0,0,0,0,0,0,0,0,0,0,0,0,0,0,0,0,0,0,0,0,0,0,0,0,0,0,0,0,"2014ALWC.EVE.post.daily.csv",11
"KCA201409300","20140930",0,"20140930","OAK","sotog001",8,1,0,"KCA","KAN06",1,1,1,0,0,0,0,0,0,0,0,,0,0,1,0,0,0,0,0,0,0,0,0,0,0,0,0,0,0,0,0,0,0,0,0,0,0,0,0,0,0,0,0,0,0,0,0,0,0,0,0,0,0,0,0,0,0,0,0,0,0,0,0,0,0,0,0,0,1,1,6,2,2,0,0,0,0,0,0,0,0,0,0,0,0,0,0,0,0,0,0,0,0,0,0,0,0,0,0,0,0,0,0,0,0,0,0,0,0,0,0,0,0,0,0,0,0,0,0,0,0,0,0,0,0,0,0,0,0,0,0,0,0,0,0,0,0,0,0,0,0,0,"2014ALWC.EVE.post.daily.csv",12
"KCA201409300","20140930",0,"20140930","OAK","norrd001",8,2,0,"KCA","KAN06",1,5,5,1,1,1,0,0,0,0,1,,0,0,2,0,0,0,0,0,0,0,0,0,0,0,0,0,0,0,0,0,0,0,0,0,0,0,0,0,0,0,0,0,0,0,0,0,0,0,0,0,0,0,0,0,0,0,0,0,0,0,0,0,0,0,0,0,0,1,0,29,7,7,0,0,0,0,0,0,0,0,0,0,0,0,0,0,0,0,0,0,0,0,0,0,0,0,0,0,0,0,0,0,0,0,0,0,0,0,0,0,0,0,0,0,0,0,0,0,0,0,0,0,0,0,0,0,0,0,0,0,0,0,0,0,0,0,0,0,0,0,0,"2014ALWC.EVE.post.daily.csv",13
"KCA201409300","20140930",0,"20140930","OAK","sogae001",9,1,0,"KCA","KAN06",1,4,4,0,1,1,0,0,0,0,0,,0,0,2,0,0,0,0,0,0,0,0,0,0,0,0,0,0,0,0,0,0,0,0,0,0,0,0,0,0,0,0,0,0,0,0,0,0,0,0,0,0,0,0,0,0,0,0,0,0,0,0,0,0,0,0,0,0,0,0,0,0,0,0,0,0,0,0,0,0,0,0,0,0,0,0,0,0,1,1,27,4,1,3,0,0,0,0,0,0,0,0,0,0,0,0,0,0,0,0,0,0,0,0,0,0,0,0,0,0,0,0,0,0,0,0,0,0,0,0,0,0,0,0,0,0,0,0,0,0,0,0,"2014ALWC.EVE.post.daily.csv",14
"KCA201409300","20140930",0,"20140930","OAK","puntn001",9,2,0,"KCA","KAN06",1,2,2,0,0,0,0,0,0,0,0,,0,0,1,0,0,0,0,0,0,0,0,1,0,0,0,0,0,0,0,0,0,0,0,0,0,0,0,0,0,0,0,0,0,0,0,0,0,0,0,0,0,0,0,0,0,0,0,0,0,0,0,0,0,0,0,0,0,0,0,0,0,0,0,0,0,0,0,0,0,0,0,0,0,0,0,0,0,1,0,8,3,2,1,0,0,0,0,0,0,0,0,0,0,0,0,0,0,0,0,0,0,0,0,0,0,0,0,0,0,0,0,0,0,0,0,0,0,0,0,0,0,0,0,0,0,0,0,0,0,0,0,"2014ALWC.EVE.post.daily.csv",15
"KCA201409300","20140930",0,"20140930","OAK","lestj001",0,1,0,"KCA","KAN06",1,0,0,0,0,0,0,0,0,0,0,,0,0,0,0,0,0,0,0,0,0,0,0,0,1,1,0,0,0,0,0,0,22,31,28,6,6,8,9,1,0,0,0,2,0,5,0,0,1,0,0,0,0,0,0,9,6,111,75,1,1,22,1,0,1,0,0,0,0,0,0,0,0,0,0,0,0,0,0,0,0,0,0,0,0,0,0,0,0,0,0,0,0,0,0,0,0,0,0,0,0,0,0,0,0,0,0,0,0,0,0,0,0,0,0,0,0,0,0,0,0,0,0,0,0,0,0,0,0,0,0,0,0,0,0,0,0,0,0,0,0,0,"2014ALWC.EVE.post.daily.csv",16
"KCA201409300","20140930",0,"20140930","OAK","gregl001",0,2,0,"KCA","KAN06",1,0,0,0,0,0,0,0,0,0,0,,0,0,0,0,0,0,0,0,0,0,0,0,0,1,0,0,0,0,0,0,0,2,4,3,0,0,1,1,0,0,0,0,1,0,2,0,0,0,0,0,1,0,2,1,0,0,16,11,1,0,2,0,0,0,0,0,0,0,0,0,0,0,0,0,0,0,0,0,0,0,0,0,0,0,0,0,0,0,0,0,0,0,0,0,0,0,0,0,0,0,0,0,0,0,0,0,0,0,0,0,0,0,0,0,0,0,0,0,0,0,0,0,0,0,0,0,0,0,0,0,0,0,0,0,0,0,0,0,0,0,0,"2014ALWC.EVE.post.daily.csv",17
"KCA201409300","20140930",0,"20140930","OAK","dools001",0,3,0,"KCA","KAN06",1,0,0,0,0,0,0,0,0,0,0,,0,0,0,0,0,0,0,0,0,0,0,0,0,1,0,0,0,0,0,0,0,6,8,5,1,1,2,2,0,0,0,0,0,0,0,0,0,2,1,0,0,0,0,0,2,2,19,14,1,0,6,2,0,2,0,0,0,0,0,0,0,0,0,0,0,0,0,0,0,0,0,0,0,0,0,0,0,0,0,0,0,0,0,0,0,0,0,0,0,0,0,0,0,0,0,0,0,0,0,0,0,0,0,0,0,0,0,0,0,0,0,0,0,0,0,0,0,0,0,0,0,0,0,0,0,0,0,0,0,0,0,"2014ALWC.EVE.post.daily.csv",18
"KCA201409300","20140930",0,"20140930","OAK","oterd001",0,4,0,"KCA","KAN06",1,0,0,0,0,0,0,0,0,0,0,,0,0,0,0,0,0,0,0,0,0,0,0,0,1,0,0,0,0,0,1,0,4,7,6,2,2,3,5,0,1,0,0,0,0,1,0,0,1,0,0,0,0,0,0,2,0,24,16,1,0,4,2,1,1,0,0,0,0,0,0,0,0,0,0,0,0,0,0,0,0,0,0,0,0,0,0,0,0,0,0,0,0,0,0,0,0,0,0,0,0,0,0,0,0,0,0,0,0,0,0,0,0,0,0,0,0,0,0,0,0,0,0,0,0,0,0,0,0,0,0,0,0,0,0,0,0,0,0,0,0,0,"2014ALWC.EVE.post.daily.csv",19
"KCA201409300","20140930",0,"20140930","OAK","abadf001",0,5,0,"KCA","KAN06",1,0,0,0,0,0,0,0,0,0,0,,0,0,0,0,0,0,0,0,0,0,0,0,0,1,0,0,0,0,0,0,0,1,1,1,0,0,0,0,0,0,0,0,0,0,0,0,0,0,0,0,0,0,1,0,0,1,1,1,1,0,1,0,0,0,0,0,0,0,0,0,0,0,0,0,0,0,0,0,0,0,0,0,0,0,0,0,0,0,0,0,0,0,0,0,0,0,0,0,0,0,0,0,0,0,0,0,0,0,0,0,0,0,0,0,0,0,0,0,0,0,0,0,0,0,0,0,0,0,0,0,0,0,0,0,0,0,0,0,0,0,0,"2014ALWC.EVE.post.daily.csv",20
"KCA201409300","20140930",0,"20140930","OAK","hammj002",0,6,0,"KCA","KAN06",1,0,0,0,0,0,0,0,0,0,0,,0,0,0,0,0,0,0,0,0,0,0,0,0,1,0,0,0,1,0,0,0,0,1,1,0,0,1,1,0,0,0,0,0,0,0,0,0,0,0,0,0,0,1,1,0,0,6,4,1,0,0,0,0,0,0,0,0,0,0,0,0,0,0,0,0,0,0,0,0,0,0,0,0,0,0,0,0,0,0,0,0,0,0,0,0,0,0,0,0,0,0,0,0,0,0,0,0,0,0,0,0,0,0,0,0,0,0,0,0,0,0,0,0,0,0,0,0,0,0,0,0,0,0,0,0,0,0,0,0,0,0,"2014ALWC.EVE.post.daily.csv",21
"KCA201409300","20140930",0,"20140930","KCA","escoa003",1,1,1,"OAK","KAN06",1,6,4,1,2,2,0,0,0,0,0,,0,0,0,0,0,2,0,1,0,0,0,0,0,0,0,0,0,0,0,0,0,0,0,0,0,0,0,0,0,0,0,0,0,0,0,0,0,0,0,0,0,0,0,0,0,0,0,0,0,0,0,0,0,0,0,0,0,0,0,0,0,0,0,0,0,0,0,0,0,0,0,0,0,0,0,0,0,0,0,0,0,0,0,0,0,0,0,0,0,0,0,0,0,0,0,1,1,36,2,1,1,0,1,0,0,0,0,0,0,0,0,0,0,0,0,0,0,0,0,0,0,0,0,0,0,0,0,0,0,0,0,"2014ALWC.EVE.post.daily.csv",22
"KCA201409300","20140930",0,"20140930","KCA","aokin001",2,1,1,"OAK","KAN06",1,5,4,1,0,0,0,0,0,0,1,,0,0,0,0,0,0,1,1,0,0,0,0,0,0,0,0,0,0,0,0,0,0,0,0,0,0,0,0,0,0,0,0,0,0,0,0,0,0,0,0,0,0,0,0,0,0,0,0,0,0,0,0,0,0,0,0,0,0,0,0,0,0,0,0,0,0,0,0,0,0,0,0,0,0,0,0,0,0,0,0,0,0,0,0,0,0,0,0,0,0,0,0,0,0,0,0,0,0,0,0,0,0,0,0,0,0,0,0,0,0,0,0,0,0,0,0,0,0,0,0,0,0,1,1,27,2,2,0,0,0,0,"2014ALWC.EVE.post.daily.csv",23
"KCA201409300","20140930",0,"20140930","KCA","nix-j001",2,2,1,"OAK","KAN06",1,1,1,0,0,0,0,0,0,0,0,,0,0,1,0,0,0,0,0,0,0,0,0,0,0,0,0,0,0,0,0,0,0,0,0,0,0,0,0,0,0,0,0,0,0,0,0,0,0,0,0,0,0,0,0,0,0,0,0,0,0,0,0,0,0,0,0,0,0,0,0,0,0,0,0,0,0,0,0,0,0,0,0,0,0,0,0,0,0,0,0,0,0,0,0,0,0,1,0,9,1,0,1,0,0,0,0,0,0,0,0,0,0,0,0,0,0,0,0,0,0,0,0,0,0,0,0,0,0,0,0,0,0,0,0,0,0,0,0,0,0,0,"2014ALWC.EVE.post.daily.csv",24
"KCA201409300","20140930",0,"20140930","KCA","cainl001",3,1,1,"OAK","KAN06",1,6,6,2,2,3,1,0,0,0,2,,0,0,0,0,0,0,0,1,0,0,0,0,0,0,0,0,0,0,0,0,0,0,0,0,0,0,0,0,0,0,0,0,0,0,0,0,0,0,0,0,0,0,0,0,0,0,0,0,0,0,0,0,0,0,0,0,0,0,0,0,0,0,0,0,0,0,0,0,0,0,0,0,0,0,0,0,0,0,0,0,0,0,0,0,0,0,0,0,0,0,0,0,0,0,0,0,0,0,0,0,0,0,0,0,0,0,0,0,0,0,0,0,0,1,1,27,2,2,0,0,0,0,1,0,9,0,0,0,0,0,0,"2014ALWC.EVE.post.daily.csv",25
"KCA201409300","20140930",0,"20140930","KCA","hosme001",4,1,1,"OAK","KAN06",1,6,4,2,3,5,0,1,0,0,1,,2,0,0,0,0,0,0,0,1,0,0,0,0,0,0,0,0,0,0,0,0,0,0,0,0,0,0,0,0,0,0,0,0,0,0,0,0,0,0,0,0,0,0,0,0,0,0,0,0,0,0,0,0,0,0,0,0,0,0,0,0,0,0,0,0,0,0,0,1,1,36,11,8,3,0,1,0,0,0,0,0,0,0,0,0,0,0,0,0,0,0,0,0,0,0,0,0,0,0,0,0,0,0,0,0,0,0,0,0,0,0,0,0,0,0,0,0,0,0,0,0,0,0,0,0,0,0,0,0,0,0,"2014ALWC.EVE.post.daily.csv",26
"KCA201409300","20140930",0,"20140930","KCA","butlb003",5,1,1,"OAK","KAN06",1,4,4,0,2,2,0,0,0,0,2,,0,0,1,0,0,0,0,0,0,0,1,0,0,0,0,0,0,0,0,0,0,0,0,0,0,0,0,0,0,0,0,0,0,0,0,0,0,0,0,0,0,0,0,0,0,0,0,0,0,0,0,0,0,0,0,0,0,0,0,0,0,0,0,0,0,0,0,0,0,0,0,0,0,0,0,0,0,0,0,0,0,0,0,0,0,0,0,0,0,0,0,0,0,0,0,0,0,0,0,0,0,0,0,0,0,0,0,0,0,0,0,0,0,0,0,0,0,0,0,0,0,0,0,0,0,0,0,0,0,0,0,"2014ALWC.EVE.post.daily.csv",27
"KCA201409300","20140930",0,"20140930","KCA","goret001",5,2,1,"OAK","KAN06",1,0,0,0,0,0,0,0,0,0,0,,0,0,0,0,0,0,0,1,0,0,1,0,1,0,0,0,0,0,0,0,0,0,0,0,0,0,0,0,0,0,0,0,0,0,0,0,0,0,0,0,0,0,0,0,0,0,0,0,0,0,0,0,0,0,0,0,0,0,0,0,0,0,0,0,0,0,0,0,0,0,0,0,0,0,0,0,0,0,0,0,0,0,0,0,0,0,0,0,0,0,0,0,0,0,0,0,0,0,0,0,0,0,0,0,0,0,0,0,0,0,0,0,0,0,0,0,0,0,0,0,0,0,0,0,0,0,0,0,0,0,0,"2014ALWC.EVE.post.daily.csv",28
"KCA201409300","20140930",0,"20140930","KCA","coloc002",5,3,1,"OAK","KAN06",1,2,1,1,1,1,0,0,0,0,1,,0,0,0,0,0,1,0,1,0,0,1,1,0,0,0,0,0,0,0,0,0,0,0,0,0,0,0,0,0,0,0,0,0,0,0,0,0,0,0,0,0,0,0,0,0,0,0,0,0,0,0,0,0,0,0,0,0,0,0,0,0,0,0,0,0,0,0,0,0,0,0,0,0,0,0,0,0,0,0,0,0,0,0,0,0,0,0,0,0,0,0,0,0,0,0,0,0,0,0,0,0,0,0,0,0,0,0,0,0,0,0,0,0,0,0,0,0,0,0,0,0,0,0,0,0,0,0,0,0,0,0,"2014ALWC.EVE.post.daily.csv",29
"KCA201409300","20140930",0,"20140930","KCA","gorda001",6,1,1,"OAK","KAN06",1,6,5,0,0,0,0,0,0,0,0,,1,0,2,0,0,0,0,1,0,0,0,0,0,0,0,0,0,0,0,0,0,0,0,0,0,0,0,0,0,0,0,0,0,0,0,0,0,0,0,0,0,0,0,0,0,0,0,0,0,0,0,0,0,0,0,0,0,0,0,0,0,0,0,0,0,0,0,0,0,0,0,0,0,0,0,0,0,0,0,0,0,0,0,0,0,0,0,0,0,0,0,0,0,0,0,0,0,0,0,0,0,0,0,0,1,1,36,3,3,0,0,0,0,0,0,0,0,0,0,0,0,0,0,0,0,0,0,0,0,0,0,"2014ALWC.EVE.post.daily.csv",30
"KCA201409300","20140930",0,"20140930","KCA","peres002",7,1,1,"OAK","KAN06",1,6,6,0,1,1,0,0,0,0,1,,0,0,2,0,0,0,0,0,0,0,0,0,0,0,0,0,0,0,0,0,0,0,0,0,0,0,0,0,0,0,0,0,0,0,0,0,0,0,0,0,0,0,0,0,0,0,0,0,0,0,0,0,0,0,0,0,0,1,1,36,16,16,0,0,0,0,1,0,0,0,0,0,0,0,0,0,0,0,0,0,0,0,0,0,0,0,0,0,0,0,0,0,0,0,0,0,0,0,0,0,0,0,0,0,0,0,0,0,0,0,0,0,0,0,0,0,0,0,0,0,0,0,0,0,0,0,0,0,0,0,0,"2014ALWC.EVE.post.daily.csv",31
"KCA201409300","20140930",0,"20140930","KCA","infao001",8,1,1,"OAK","KAN06",1,5,5,0,2,2,0,0,0,0,0,,0,0,2,0,0,0,0,0,0,0,0,0,0,0,0,0,0,0,0,0,0,0,0,0,0,0,0,0,0,0,0,0,0,0,0,0,0,0,0,0,0,0,0,0,0,0,0,0,0,0,0,0,0,0,0,0,0,0,0,0,0,0,0,0,0,0,0,0,0,0,0,0,0,0,0,0,0,1,1,36,4,1,3,0,0,0,0,0,0,0,0,0,0,0,0,0,0,0,0,0,0,0,0,0,0,0,0,0,0,0,0,0,0,0,0,0,0,0,0,0,0,0,0,0,0,0,0,0,0,0,0,"2014ALWC.EVE.post.daily.csv",32
"KCA201409300","20140930",0,"20140930","KCA","mousm001",9,1,1,"OAK","KAN06",1,3,3,1,1,1,0,0,0,0,0,,0,0,0,0,0,0,0,0,0,0,0,0,0,0,0,0,0,0,0,0,0,0,0,0,0,0,0,0,0,0,0,0,0,0,0,0,0,0,0,0,0,0,0,0,0,0,0,0,0,0,0,0,0,0,0,0,0,0,0,0,0,0,0,0,0,0,0,0,0,0,0,0,0,0,0,0,0,0,0,0,0,0,0,0,0,0,1,1,27,1,0,1,0,0,0,0,0,0,0,0,0,0,0,0,0,0,0,0,0,0,0,0,0,0,0,0,0,0,0,0,0,0,0,0,0,0,0,0,0,0,0,"2014ALWC.EVE.post.daily.csv",33
"KCA201409300","20140930",0,"20140930","KCA","willj004",9,2,1,"OAK","KAN06",1,1,1,0,1,1,0,0,0,0,0,,0,0,0,0,0,0,0,0,0,0,0,1,0,0,0,0,0,0,0,0,0,0,0,0,0,0,0,0,0,0,0,0,0,0,0,0,0,0,0,0,0,0,0,0,0,0,0,0,0,0,0,0,0,0,0,0,0,0,0,0,0,0,0,0,0,0,0,0,0,0,0,0,0,0,0,0,0,0,0,0,0,0,0,0,0,0,0,0,0,0,0,0,0,0,0,0,0,0,0,0,0,0,0,0,0,0,0,0,0,0,0,0,0,0,0,0,0,0,0,0,0,0,0,0,0,0,0,0,0,0,0,"2014ALWC.EVE.post.daily.csv",34
"KCA201409300","20140930",0,"20140930","KCA","dysoj001",9,3,1,"OAK","KAN06",1,1,0,1,0,0,0,0,0,0,0,,0,0,0,0,0,1,0,1,0,0,0,0,1,0,0,0,0,0,0,0,0,0,0,0,0,0,0,0,0,0,0,0,0,0,0,0,0,0,0,0,0,0,0,0,0,0,0,0,0,0,0,0,0,0,0,0,0,0,0,0,0,0,0,0,0,0,0,0,0,0,0,0,0,0,0,0,0,0,0,0,0,0,0,0,0,0,0,0,0,0,0,0,0,0,0,0,0,0,0,0,0,0,0,0,0,0,0,0,0,0,0,0,0,1,0,9,1,1,0,0,0,0,0,0,0,0,0,0,0,0,0,"2014ALWC.EVE.post.daily.csv",35
"KCA201409300","20140930",0,"20140930","KCA","shiej002",0,1,1,"OAK","KAN06",1,0,0,0,0,0,0,0,0,0,0,,0,0,0,0,0,0,0,0,0,0,0,0,0,1,1,0,0,0,0,0,0,15,21,19,4,4,5,8,0,0,1,0,2,0,6,0,0,0,0,0,0,0,0,0,4,4,88,56,1,1,15,2,2,0,0,0,0,0,0,0,0,0,0,0,0,0,0,0,0,0,0,0,0,0,0,0,0,0,0,0,0,0,0,0,0,0,0,0,0,0,0,0,0,0,0,0,0,0,0,0,0,0,0,0,0,0,0,0,0,0,0,0,0,0,0,0,0,0,0,0,0,0,0,0,0,0,0,0,0,0,0,"2014ALWC.EVE.post.daily.csv",36
"KCA201409300","20140930",0,"20140930","KCA","venty001",0,2,1,"OAK","KAN06",1,0,0,0,0,0,0,0,0,0,0,,0,0,0,0,0,0,0,0,0,0,0,0,0,1,0,0,0,0,0,0,0,1,3,3,2,2,2,5,0,0,1,0,0,0,0,0,0,0,0,0,1,0,2,1,0,1,13,7,1,0,1,0,0,0,0,0,0,0,0,0,0,0,0,0,0,0,0,0,0,0,0,0,0,0,0,0,0,0,0,0,0,0,0,0,0,0,0,0,0,0,0,0,0,0,0,0,0,0,0,0,0,0,0,0,0,0,0,0,0,0,0,0,0,0,0,0,0,0,0,0,0,0,0,0,0,0,0,0,0,0,0,"2014ALWC.EVE.post.daily.csv",37
"KCA201409300","20140930",0,"20140930","KCA","herrk001",0,3,1,"OAK","KAN06",1,0,0,0,0,0,0,0,0,0,0,,0,0,0,0,0,0,0,0,0,0,0,0,0,1,0,0,0,0,0,0,0,5,9,9,1,1,4,4,0,0,0,0,0,0,3,0,0,0,0,0,0,0,1,0,1,1,36,27,1,0,5,0,0,0,0,0,0,0,0,0,0,0,0,0,0,0,0,0,0,0,0,0,0,0,0,0,0,0,0,0,0,0,0,0,0,0,0,0,0,0,0,0,0,0,0,0,0,0,0,0,0,0,0,0,0,0,0,0,0,0,0,0,0,0,0,0,0,0,0,0,0,0,0,0,0,0,0,0,0,0,0,"2014ALWC.EVE.post.daily.csv",38
"KCA201409300","20140930",0,"20140930","KCA","daviw001",0,4,1,"OAK","KAN06",1,0,0,0,0,0,0,0,0,0,0,,0,0,0,0,0,0,0,0,0,0,0,0,0,1,0,0,0,0,0,0,0,3,3,3,0,0,0,0,0,0,0,0,0,0,1,0,0,0,0,0,0,0,0,0,1,1,7,5,1,0,3,0,0,0,0,0,0,0,0,0,0,0,0,0,0,0,0,0,0,0,0,0,0,0,0,0,0,0,0,0,0,0,0,0,0,0,0,0,0,0,0,0,0,0,0,0,0,0,0,0,0,0,0,0,0,0,0,0,0,0,0,0,0,0,0,0,0,0,0,0,0,0,0,0,0,0,0,0,0,0,0,"2014ALWC.EVE.post.daily.csv",39
"KCA201409300","20140930",0,"20140930","KCA","hollg001",0,5,1,"OAK","KAN06",1,0,0,0,0,0,0,0,0,0,0,,0,0,0,0,0,0,0,0,0,0,0,0,0,1,0,0,0,0,0,0,0,3,6,3,0,0,0,0,0,0,0,0,3,1,1,0,0,0,0,0,0,0,0,0,0,2,23,9,1,0,3,0,0,0,0,0,0,0,0,0,0,0,0,0,0,0,0,0,0,0,0,0,0,0,0,0,0,0,0,0,0,0,0,0,0,0,0,0,0,0,0,0,0,0,0,0,0,0,0,0,0,0,0,0,0,0,0,0,0,0,0,0,0,0,0,0,0,0,0,0,0,0,0,0,0,0,0,0,0,0,0,"2014ALWC.EVE.post.daily.csv",40
"KCA201409300","20140930",0,"20140930","KCA","finnb001",0,6,1,"OAK","KAN06",1,0,0,0,0,0,0,0,0,0,0,,0,0,0,0,0,0,0,0,0,0,0,0,0,1,0,0,0,0,0,0,0,7,9,7,1,1,1,1,0,0,0,0,1,0,3,0,0,1,0,0,0,0,0,0,1,1,29,18,1,0,7,1,0,1,0,0,0,0,0,0,0,0,0,0,0,0,0,0,0,0,0,0,0,0,0,0,0,0,0,0,0,0,0,0,0,0,0,0,0,0,0,0,0,0,0,0,0,0,0,0,0,0,0,0,0,0,0,0,0,0,0,0,0,0,0,0,0,0,0,0,0,0,0,0,0,0,0,0,0,0,0,"2014ALWC.EVE.post.daily.csv",41
"KCA201409300","20140930",0,"20140930","KCA","frasj002",0,7,1,"OAK","KAN06",1,0,0,0,0,0,0,0,0,0,0,,0,0,0,0,0,0,0,0,0,0,0,0,0,1,0,0,0,1,1,0,0,2,3,3,0,0,1,1,0,0,0,0,0,0,1,0,0,0,0,0,1,0,1,0,0,1,12,9,1,0,2,0,0,0,0,0,0,0,0,0,0,0,0,0,0,0,0,0,0,0,0,0,0,0,0,0,0,0,0,0,0,0,0,0,0,0,0,0,0,0,0,0,0,0,0,0,0,0,0,0,0,0,0,0,0,0,0,0,0,0,0,0,0,0,0,0,0,0,0,0,0,0,0,0,0,0,0,0,0,0,0,"2014ALWC.EVE.post.daily.csv",42
